e,x,a,c,t,l,y, ,., ,a,n,d, ,h,e, ,',s, ,s,o, ,f,u,c,k,i,n,g, ,s,t,u,p,i,d, ,.
m,a,n, ,i, ,m,i,s,s, ,y,o,u, ,t,o,o, ,n,i,g,g,a
n,i,g,g,a, ,i, ,',m, ,i,n, ,t,h,e, ,c,r,i,b
y,e,a,h, ,",", ,i, ,k,n,o,w, ,",", ,i, ,w,a,s, ,b,o,r,n, ,i,n, ,g,e,r,@,@, ,m,a,n,y, ,a,n,d, ,i, ,w,a,s, ,b,o,r,n, ,i,n, ,g,e,r,@,@, ,m,a,n,y, ,a,n,d, ,i, ,w,a,s, ,b,o,r,n, ,i,n, ,g,e,r,@,@, ,m,a,n,y, ,a,n,d, ,i, ,w,a,s, ,b,o,r,n, ,i,n, ,g,e,r,@,@, ,m,a,n,y, ,.
w,e,l,l, ,",", ,i, ,',m, ,b,l,a,c,k, ,a,n,d, ,w,h,i,t,e, ,a,n,d, ,b,l,a,c,k, ,a,n,d, ,w,h,i,t,e, ,.
g,a,y, ,g,a,y, ,g,a,y, ,g,a,y, ,g,a,y, ,g,a,y
d,o,n, ,',t, ,h,a,t,e, ,h,a,t,e, ,h,a,t,e, ,h,a,t,e, ,h,a,t,e, ,h,a,t,e, ,h,a,t,e, ,h,a,t,e, ,h,a,t,e, ,h,a,t,e, ,h,a,t,e, ,h,a,t,e, ,h,a,t,e, ,h,a,t,e, ,h,a,t,e, ,h,a,t,e, ,h,a,t,e, ,h,a,t,e, ,h,a,t,e, ,h,a,t,e, ,h,a,t,e, ,h,a,t,e, ,h,a,t,e, ,h,a,t,e, ,h,a,t,e, ,h,a,t,e, ,h,a,t,e, ,h,a,t,e, ,h,a,t,e, ,h,a,t,e, ,h,a,t,e
y,o,u, ,l,o,o,k, ,l,i,k,e, ,a, ,f,a,t, ,a,s,s
y,o,u, ,l,o,o,k, ,l,i,k,e, ,a, ,n,i,g,g,a, ,.
r,t, ,r,t, ,n,i,g,g,a,s, ,d,o,n, ,',t, ,k,n,o,w, ,h,o,w, ,t,o, ,a,c,t, ,l,i,k,e, ,t,h,e,y, ,d,o,n, ,',t, ,c,a,r,e, ,., ,t,h,e,y, ,d,o,n, ,',t, ,w,a,n,t, ,t,o, ,h,e,a,r, ,i,t, ,.
r,t, ,r,t, ,r,t, ,r,t, ,r,t, ,r,t, ,r,t, ,r,t, ,n,i,g,g,a,s, ,d,o,n, ,',t, ,k,n,o,w, ,h,o,w, ,t,o, ,c,u,t, ,h,i,s, ,h,a,i,r, ,.
r,t, ,r,t, ,r,t, ,r,t, ,r,t, ,i, ,h,a,t,e, ,w,h,e,n, ,n,i,g,g,a,s, ,d,o,n, ,',t, ,t,a,l,k, ,t,o, ,m,e, ,.
i, ,h,a,t,e, ,h,a,t,e, ,h,a,t,e, ,h,a,t,e, ,h,a,t,e, ,h,a,t,e, ,h,a,t,e, ,h,a,t,e
i, ,d,o,n, ,',t, ,h,a,t,e, ,h,a,t,e, ,h,a,t,e, ,h,a,t,e, ,h,a,t,e, ,h,a,t,e, ,h,a,t,e, ,h,a,t,e, ,h,a,t,e, ,h,a,t,e, ,h,a,t,e, ,h,a,t,e, ,h,a,t,e, ,h,a,t,e, ,h,a,t,e, ,h,a,t,e, ,h,a,t,e, ,h,a,t,e, ,h,a,t,e, ,h,a,t,e, ,h,a,t,e, ,h,a,t,e, ,h,a,t,e, ,h,a,t,e, ,h,a,t,e
i, ,d,o,n, ,',t, ,h,a,t,e, ,h,a,t,e, ,h,a,t,e, ,h,a,t,e, ,h,a,t,e, ,h,a,t,e, ,h,a,t,e, ,h,a,t,e, ,h,a,t,e, ,h,a,t,e, ,h,a,t,e, ,h,a,t,e, ,h,a,t,e, ,h,a,t,e, ,h,a,t,e, ,h,a,t,e, ,h,a,t,e, ,h,a,t,e, ,h,a,t,e, ,h,a,t,e, ,h,a,t,e, ,h,a,t,e, ,h,a,t,e, ,h,a,t,e, ,h,a,t,e
u,@,@, ,d,a,h, ,m,a,@,@, ,u, ,m,a,@,@, ,u, ,m,a,@,@, ,u, ,m,a,@,@, ,u, ,m,a,@,@, ,u, ,m,a,@,@, ,u, ,m,a,@,@, ,u, ,m,a,@,@, ,u, ,m,a,@,@, ,u, ,m,a,@,@, ,u, ,m,a,@,@, ,u, ,m,a,@,@, ,u, ,m,a,@,@, ,u, ,m,a,@,@, ,u, ,m,a,@,@, ,u, ,m,a,@,@, ,u, ,m,a,@,@, ,u, ,m,a,@,@, ,u, ,m,a,@,@, ,u, ,m,a,@,@, ,u, ,m,a,@,@, ,u, ,m,a,@,@, ,u, ,m,a,@,@, ,u, ,m,a,@,@, ,u, ,m,a,@,@, ,u, ,m,a,@,@, ,u, ,m,a,@,@, ,u, ,m,a,@,@, ,u, ,m,a,@,@, ,u, ,m,a,@,@, ,u, ,m,a,@,@, ,u, ,m,a,@,@, ,u
h,e, ,',s, ,g,a,y, ,., ,h,e, ,',s, ,g,a,y, ,., ,h,e, ,',s, ,g,a,y, ,., ,h,e, ,',s, ,g,a,y, ,.
d,a,@,@, ,d,a,@,@, ,d,a,@,@, ,d,a,@,@, ,d,a,@,@, ,d,a,@,@, ,d,a,@,@, ,d,a,@,@, ,d,a,@,@, ,d,a,@,@, ,d,a,@,@, ,d,a,@,@, ,d,a,@,@, ,d,a,@,@, ,d,a,@,@, ,d,a,@,@, ,d,a,@,@, ,d,a,@,@, ,d,a,@,@, ,d,a,@,@, ,d,a,@,@, ,d,a,@,@, ,d,a,@,@, ,d,a,@,@, ,d,a,@,@, ,d,a,@,@, ,d,a,@,@, ,d,a,@,@, ,d,a,@,@, ,d,a,@,@, ,d,a,@,@, ,d,a,@,@, ,d,a,@,@, ,d,a,@,@, ,d,a,@,@, ,d,a,@,@, ,d,a,@,@, ,d,a,@,@, ,d,a,@,@, ,d,a,@,@, ,d,a,@,@, ,d,a,@,@, ,d,a,@,@, ,d,a,@,@, ,d,a,@,@, ,d,a,@,@, ,d,a,@,@, ,d,a,@,@, ,d,a,@,@, ,d,a,@,@, ,d,a,@,@, ,d,a,@,@, ,d,a,@,@, ,d,a,@,@, ,d,a,@,@, ,d,a,@,@, ,d,a,@,@, ,d,a,@,@, ,d,a,@,@, ,d,a,@,@, ,d,a,@,@, ,d,a,@,@, ,d,a,@,@, ,d,a,@,@, ,d,a,@,@, ,d,a,@,@, ,d,a,@,@, ,d,a,@,@, ,d,a,@,@, ,d,a,@,@, ,d,a,@,@, ,d,a,@,@, ,d,a,@,@, ,d,a,@,@, ,d,a,@,@, ,d,a,@,@, ,d,a,@,@, ,d,a,@,@, ,d,a,@,@, ,d,a,@,@, ,d,a,@,@, ,d,a,@,@, ,d,a,@,@, ,d,a,@,@, ,d,a,@,@, ,d,a,@,@, ,d,a,@,@, ,d,a,@,@, ,d,a,@,@, ,d,a,@,@, ,d,a,@,@, ,d,a,@,@, ,d,a,@,@, ,d,a,@,@, ,d,a,@,@, ,d,a,@,@, ,d,a,@,@, ,d,a,@,@
m,a,@,@, ,u, ,m,a,@,@, ,u, ,m,a,@,@, ,u, ,m,a,@,@, ,u, ,m,a,@,@, ,u, ,m,a,@,@, ,u, ,m,a,@,@, ,u, ,m,a,@,@, ,u, ,m,a,@,@, ,u, ,m,a,@,@, ,u, ,m,a,@,@, ,u, ,m,a,@,@, ,u, ,m,a,@,@, ,u, ,m,a,@,@, ,u, ,m,a,@,@, ,u, ,m,a,@,@, ,u, ,m,a,@,@, ,u, ,m,a,@,@, ,u, ,m,a,@,@, ,u, ,m,a,@,@, ,u, ,m,a,@,@, ,u, ,m,a,@,@, ,u, ,m,a,@,@, ,u, ,m,a,@,@, ,u, ,m,a,@,@, ,u, ,m,a,@,@, ,u, ,m,a,@,@, ,u, ,m,a,@,@, ,u, ,m,a,@,@, ,u, ,m,a,@,@, ,u, ,m,a,@,@, ,u, ,m,a,@,@, ,u, ,m,a,@,@, ,u, ,m,a,@,@, ,u, ,m,a,@,@, ,u
i, ,d,o,n, ,',t, ,h,a,t,e, ,i,t, ,., ,i, ,h,a,t,e, ,i,t, ,w,h,e,n, ,p,e,o,p,l,e, ,h,a,t,e, ,h,a,t,e, ,h,a,t,e, ,h,a,t,e, ,h,a,t,e, ,.
h,e, ,',s, ,m,y, ,n,i,g,g,a
s,h,u,t, ,t,h,e, ,f,u,c,k, ,u,p, ,",", ,y,o,u, ,',r,e, ,t,h,e, ,o,n,e, ,w,h,o, ,t,h,i,n,k,s, ,y,o,u, ,',r,e, ,t,a,l,@,@, ,l,e,r, ,t,h,a,n, ,m,e, ,.
n,i,g,g,a, ,y,o,u, ,k,n,o,w, ,w,h,a,t, ,i, ,',m, ,t,a,l,k,i,n,g, ,a,b,o,u,t
u,s,@,@, ,g,u,y,s, ,",", ,u,s,@,@, ,g,u,y,s, ,",", ,u,s,@,@, ,g,u,y,s, ,",", ,u,s,@,@, ,g,u,y,s, ,",", ,u,s,@,@, ,g,u,y,s, ,",", ,u,s,@,@, ,g,u,y,s, ,",", ,u,s,@,@, ,g,u,y,s, ,",", ,u,s,@,@, ,g,u,y,s, ,",", ,u,s,@,@, ,g,u,y,s, ,",", ,u,s,@,@, ,g,u,y,s, ,",", ,u,s,@,@, ,g,u,y,s, ,",", ,u,s,@,@, ,g,u,y,s, ,",", ,u,s,@,@, ,g,u,y,s, ,",", ,u,s,@,@, ,g,u,y,s, ,",", ,u,s,@,@, ,g,u,y,s, ,",", ,u,s,@,@, ,g,u,y,s, ,",", ,u,s,@,@, ,g,u,y,s, ,",", ,u,s,@,@, ,g,u,y,s, ,",", ,u,s,@,@, ,g,u,y,s, ,",", ,u,s,@,@, ,g,u,y,s, ,",", ,u,s,@,@, ,g,u,y,s, ,",", ,u,s,@,@, ,g,u,y,s, ,",", ,u,s,@,@, ,g,u,y,s, ,",", ,u,s,@,@, ,g,u,y,s, ,",", ,u,s,@,@, ,g,u,y,s, ,",", ,u,s,@,@, ,g,u,y,s, ,., ,u,s,@,@, ,g,u,y,s
i, ,d,o,n, ,',t, ,h,a,t,e, ,h,a,t,e, ,h,a,t,e, ,h,a,t,e, ,h,a,t,e, ,h,a,t,e, ,h,a,t,e, ,h,a,t,e, ,h,a,t,e, ,h,a,t,e, ,h,a,t,e, ,h,a,t,e, ,h,a,t,e, ,h,a,t,e, ,h,a,t,e, ,h,a,t,e, ,h,a,t,e, ,h,a,t,e, ,h,a,t,e, ,h,a,t,e, ,h,a,t,e, ,h,a,t,e, ,h,a,t,e, ,h,a,t,e, ,h,a,t,e, ,h,a,t,e, ,h,a,t,e, ,h,a,t,e, ,h,a,t,e
m,y, ,h,a,i,r, ,i,s, ,b,l,o,n,d,e, ,",", ,i, ,t,h,i,n,k, ,i,t, ,',s, ,b,l,a,c,k, ,a,n,d, ,w,h,i,t,e, ,",", ,i,t, ,',s, ,b,l,a,c,k, ,a,n,d, ,w,h,i,t,e, ,",", ,i,t, ,',s, ,b,l,a,c,k, ,",", ,w,h,i,t,e, ,",", ,b,l,a,c,k, ,",", ,b,l,a,c,k, ,",", ,b,l,a,c,k, ,",", ,b,l,a,c,k, ,",", ,b,l,a,c,k, ,",", ,b,l,a,c,k, ,",", ,b,l,a,c,k, ,",", ,b,l,a,c,k, ,",", ,b,l,a,c,k, ,",", ,b,l,a,c,k, ,",", ,b,l,a,c,k, ,",", ,b,l,a,c,k, ,",", ,b,l,a,c,k, ,h,a,i,r
i, ,a,g,r,e,e, ,w,i,t,h, ,y,o,u, ,o,n, ,t,h,a,t, ,., ,i, ,h,a,t,e, ,w,h,e,n, ,p,e,o,p,l,e, ,h,a,t,e, ,h,a,t,e, ,h,a,t,e, ,h,a,t,e, ,h,a,t,e, ,h,a,t,e, ,h,a,t,e, ,h,a,t,e, ,h,a,t,e, ,h,a,t,e, ,h,a,t,e, ,h,a,t,e, ,h,a,t,e, ,h,a,t,e, ,h,a,t,e, ,h,a,t,e, ,h,a,t,e, ,h,a,t,e, ,h,a,t,e, ,h,a,t,e, ,h,a,t,e, ,h,a,t,e, ,h,a,t,e, ,h,a,t,e, ,h,a,t,e, ,h,a,t,e, ,h,a,t,e, ,h,a,t,e, ,h,a,t,e
r,t, ,l,o,l, ,i, ,',m, ,i,n, ,t,h,e, ,m,i,d,d,l,e, ,o,f, ,t,h,e, ,c,o,u,n,t,r,y, ,., ,i, ,',m, ,b,o,r,n, ,i,n, ,<,n,u,m,b,e,r,>, ,.
m,a,@,@, ,u, ,m,a,@,@, ,u, ,m,a,@,@, ,u, ,m,a,@,@, ,u, ,m,a,@,@, ,u, ,m,a,@,@, ,u, ,m,a,@,@, ,u, ,m,a,@,@, ,u, ,m,a,@,@, ,u, ,m,a,@,@, ,u, ,m,a,@,@, ,u, ,m,a,@,@, ,u, ,m,a,@,@, ,u, ,m,a,@,@, ,u, ,m,a,@,@, ,u, ,m,a,@,@, ,u, ,m,a,@,@, ,u, ,m,a,@,@, ,u, ,m,a,@,@, ,u, ,m,a,@,@, ,u, ,m,a,@,@, ,u, ,m,a,@,@, ,u, ,m,a,@,@, ,u, ,m,a,@,@, ,u, ,m,a,@,@, ,u, ,m,a,@,@, ,u, ,m,a,@,@, ,u, ,m,a,@,@, ,u, ,m,a,@,@, ,u, ,m,a,@,@, ,u, ,m,a,@,@, ,u, ,m,a,@,@, ,u, ,m,a,@,@, ,u, ,m,a,@,@, ,u, ,m,a,@,@, ,u, ,m,a,@,@, ,u, ,m,a,@,@, ,u, ,m,a,@,@, ,u, ,m,a,@,@, ,u, ,m,a,@,@, ,u, ,m,a,@,@, ,u
r,t, ,s,o,m,e,t,i,m,e,s, ,w,h,e,n, ,n,i,g,g,a,s, ,d,o,n, ,',t, ,k,n,o,w, ,w,h,a,t, ,t,h,e,y, ,c,a,n, ,d,o, ,., ,t,h,e,y, ,d,o,n, ,',t, ,k,n,o,w, ,h,o,w, ,t,o, ,d,o, ,i,t, ,.
g,a,y, ,g,a,y, ,g,a,y, ,g,a,y, ,?
i, ,d,o,n, ,',t, ,t,h,i,n,k, ,i, ,',m, ,u,g,l,y, ,",", ,i, ,',m, ,j,u,s,t, ,s,a,y,i,n,g, ,i, ,',m, ,u,g,l,y, ,a,n,d, ,i, ,l,o,o,k, ,u,g,l,y, ,a,s, ,f,u,c,k, ,!
n,i,g,g,a, ,y,o,u, ,a,i,n,t, ,g,o,t, ,n,o,t,h,i,n,g, ,t,o, ,d,o, ,w,i,t,h, ,m,e, ,.
i, ,',m, ,n,o,t, ,g,o,i,n,g, ,t,o, ,l,i,e, ,",", ,i, ,',m, ,n,o,t, ,g,o,i,n,g, ,t,o, ,k,i,l,l, ,m,y,s,e,l,f, ,",", ,i, ,',m, ,n,o,t, ,g,o,i,n,g, ,t,o, ,k,i,l,l, ,m,y,s,e,l,f, ,",", ,i, ,',m, ,n,o,t, ,g,o,i,n,g, ,t,o, ,k,i,l,l, ,m,y,s,e,l,f, ,., ,<,a,t,>
g,a,y, ,g,a,y, ,g,a,y, ,g,a,y, ,g,a,y, ,g,a,y, ,g,a,y
f,a,t,@,@, ,f,a,t,@,@, ,f,a,t,@,@, ,f,a,t,@,@, ,f,a,t,@,@, ,f,a,t,@,@, ,a,s,s
l,o,l, ,f,u,c,k, ,t,h,a,t, ,n,i,g,g,a
l,o,l, ,",", ,i, ,',m, ,a, ,g,r,o,w,n, ,a,s,s, ,n,i,g,g,a
w,h,e,r,e, ,y,o,u, ,a,t, ,n,i,g,g,a, ,?
y,e,a,h, ,",", ,i, ,h,a,t,e, ,i,t, ,w,h,e,n, ,p,e,o,p,l,e, ,s,a,y, ,t,h,e,y, ,h,a,t,e, ,t,h,e,m, ,",", ,t,h,e,y, ,j,u,s,t, ,h,a,t,e, ,t,h,e,m, ,a,n,d, ,t,h,e,y, ,h,a,t,e, ,i,t, ,",", ,t,h,e,y, ,h,a,t,e, ,i,t, ,.
w,e,l,l, ,i, ,w,a,s, ,b,o,r,n, ,t,h,i,s, ,w,a,y, ,., ,i, ,w,a,s, ,b,o,r,n, ,i,n, ,<,n,u,m,b,e,r,>, ,.
r,t, ,n,i,g,g,a,s, ,d,o,n, ,',t, ,k,n,o,w, ,h,o,w, ,t,o, ,c,o,o,k, ,., ,t,h,e,y, ,d,o,n, ,',t, ,k,n,o,w, ,h,o,w, ,t,o, ,c,o,o,k, ,.
l,o,l, ,., ,i, ,d,o,n, ,',t, ,h,a,t,e, ,h,i,m, ,., ,i, ,h,a,t,e, ,h,i,m, ,., ,i, ,h,a,t,e, ,h,i,m, ,., ,i, ,h,a,t,e, ,h,i,m, ,.
o,h, ,m,y, ,n,i,g,g,a
i, ,',m, ,b,l,a,c,k, ,a,n,d, ,b,l,a,c,k, ,a,n,d, ,b,l,a,c,k, ,a,n,d, ,b,l,a,c,k, ,a,n,d, ,b,l,a,c,k, ,.
l,o,l, ,y,o,u, ,l,o,o,k, ,l,i,k,e, ,a, ,n,i,g,g,a
n,i,g,g,a, ,y,o,u, ,a,i,n, ,',t, ,h,i,t, ,m,e, ,u,p, ,!
w,h,o, ,t,h,e, ,f,u,c,k, ,i,s, ,t,h,a,t, ,n,i,g,g,a
y,e,s, ,",", ,y,e,s, ,",", ,i, ,t,h,i,n,k, ,i,t, ,',s, ,a, ,s,o,n,g, ,c,a,l,l,e,d, ,"""", ,b,o,r,n, ,t,h,i,s, ,w,a,y, ,"""", ,., ,i,t, ,',s, ,a, ,s,o,n,g, ,c,a,l,l,e,d, ,"""", ,b,o,r,n, ,t,h,i,s, ,w,a,y, ,"""", ,s,o,n,g, ,.
f,a,s,h,@,@, ,o, ,f,a,s,h,@,@, ,o, ,n,i,g,g,a
i, ,h,a,t,e, ,h,a,t,e, ,h,a,t,e, ,h,a,t,e, ,h,a,t,e, ,h,a,t,e, ,h,a,t,e, ,h,a,t,e, ,h,a,t,e, ,h,a,t,e, ,h,a,t,e, ,h,a,t,e, ,h,a,t,e, ,h,a,t,e, ,h,a,t,e, ,h,a,t,e, ,h,a,t,e, ,h,a,t,e, ,h,a,t,e, ,h,a,t,e, ,h,a,t,e, ,h,a,t,e, ,h,a,t,e, ,h,a,t,e, ,h,a,t,e, ,h,a,t,e, ,.
r,t, ,r,t, ,r,t, ,n,i,g,g,a,s, ,d,o,n, ,',t, ,k,n,o,w, ,h,o,w, ,t,o, ,a,c,t, ,l,i,k,e, ,t,h,e,y, ,d,o,n, ,',t, ,k,n,o,w, ,h,o,w, ,t,o, ,a,c,t
r,t, ,i,f, ,y,o,u, ,',r,e, ,n,o,t, ,f,a,t, ,",", ,y,o,u, ,',r,e, ,n,o,t, ,f,a,t, ,., ,y,o,u, ,',r,e, ,n,o,t, ,f,a,t, ,",", ,y,o,u, ,',r,e, ,n,o,t, ,f,a,t, ,",", ,y,o,u, ,',r,e, ,j,u,s,t, ,p,l,a,i,n, ,s,k,i,n,n,y, ,.
t,h,e, ,b,l,a,c,k, ,o,n,e,s, ,a,r,e, ,b,l,a,c,k, ,a,n,d, ,w,h,i,t,e, ,a,n,d, ,b,l,a,c,k, ,a,n,d, ,w,h,i,t,e
m,y, ,n,i,g,g,a
h,a,t,e, ,h,a,t,e, ,h,a,t,e, ,h,a,t,e, ,h,a,t,e, ,h,a,t,e, ,h,a,t,e, ,h,a,t,e, ,h,a,t,e, ,h,a,t,e, ,h,a,t,e, ,h,a,t,e, ,h,a,t,e, ,h,a,t,e, ,h,a,t,e, ,h,a,t,e, ,h,a,t,e, ,h,a,t,e, ,h,a,t,e, ,h,a,t,e, ,h,a,t,e, ,h,a,t,e, ,h,a,t,e, ,h,a,t,e, ,h,a,t,e, ,h,a,t,e
i, ,d,o,n, ,',t, ,h,a,t,e, ,i,t, ,",", ,i, ,h,a,t,e, ,i,t, ,w,h,e,n, ,p,e,o,p,l,e, ,d,o, ,i,t, ,",", ,i, ,h,a,t,e, ,i,t, ,w,h,e,n, ,p,e,o,p,l,e, ,d,o, ,i,t, ,",", ,i, ,h,a,t,e, ,i,t, ,w,h,e,n, ,p,e,o,p,l,e, ,d,o, ,i,t, ,x
n,o, ,",", ,y,o,u, ,',r,e, ,n,o,t, ,f,a,t, ,., ,y,o,u, ,',r,e, ,n,o,t, ,f,a,t, ,., ,y,o,u, ,',r,e, ,n,o,t, ,f,a,t, ,.
r,t, ,m,a,@,@, ,u, ,m,a,@,@, ,u, ,m,a,@,@, ,u, ,m,a,@,@, ,u, ,m,a,@,@, ,u, ,m,a,@,@, ,u, ,m,a,@,@, ,u, ,m,a,@,@, ,u, ,m,a,@,@, ,u, ,m,a,@,@, ,u, ,m,a,@,@, ,u, ,m,a,@,@, ,u, ,m,a,@,@, ,u, ,m,a,@,@, ,u, ,m,a,@,@, ,u, ,m,a,@,@, ,u, ,m,a,@,@, ,u, ,m,a,@,@, ,u, ,m,a,@,@, ,u, ,m,a,@,@, ,u, ,m,a,@,@, ,u, ,m,a,@,@, ,u, ,m,a,@,@, ,u, ,m,a,@,@, ,u, ,m,a,@,@, ,u, ,m,a,@,@, ,u, ,m,a,@,@, ,u, ,m,a,@,@, ,u, ,m,a,@,@, ,u, ,m,a,@,@, ,u, ,m,a,@,@, ,u, ,m,a,@,@, ,u, ,m,a,@,@, ,u, ,m,a,@,@, ,u, ,m,a,@,@, ,u, ,m,a,@,@, ,u, ,m,a,@,@, ,u, ,m,a,@,@, ,u, ,r,t, ,i, ,m,i,s,s, ,y,o,u, ,<,a,t,>
i, ,a,g,r,e,e, ,., ,i, ,h,a,t,e, ,h,e,r, ,., ,i, ,h,a,t,e, ,h,e,r, ,., ,i, ,h,a,t,e, ,h,e,r, ,., ,i, ,h,a,t,e, ,h,e,r, ,., ,i, ,h,a,t,e, ,h,e,r, ,., ,i, ,h,a,t,e, ,h,e,r, ,., ,i, ,h,a,t,e, ,h,e,r, ,., ,i, ,h,a,t,e, ,h,e,r, ,.
n,i,g,g,a, ,u, ,a,i,n,t, ,g,o,t, ,n,u,@,@, ,t,h,i,n, ,w,r,o,n,g, ,w,i,t, ,d,a,t, ,n,i,g,g,a, ,.
d,o,n, ,',t, ,h,a,t,e, ,h,a,t,e, ,h,a,t,e, ,h,a,t,e, ,h,a,t,e, ,h,a,t,e, ,h,a,t,e, ,h,a,t,e, ,h,a,t,e, ,h,a,t,e, ,h,a,t,e, ,h,a,t,e, ,h,a,t,e, ,h,a,t,e, ,h,a,t,e, ,h,a,t,e, ,h,a,t,e, ,h,a,t,e, ,h,a,t,e, ,h,a,t,e, ,h,a,t,e, ,h,a,t,e, ,h,a,t,e, ,h,a,t,e, ,h,a,t,e, ,h,a,t,e, ,h,a,t,e, ,h,a,t,e, ,h,a,t,e, ,h,a,t,e, ,h,a,t,e, ,h,a,t,e, ,h,a,t,e
t,h,a,t, ,n,i,g,g,a, ,g,o,t, ,a, ,b,o,w, ,b,o,w, ,b,o,w
i, ,h,a,t,e, ,h,a,t,e, ,h,a,t,e, ,h,a,t,e, ,h,a,t,e, ,h,a,t,e, ,h,a,t,e, ,h,a,t,e, ,h,a,t,e, ,h,a,t,e, ,h,a,t,e, ,h,a,t,e, ,h,a,t,e, ,h,a,t,e, ,h,a,t,e, ,h,a,t,e, ,h,a,t,e, ,h,a,t,e, ,h,a,t,e, ,h,a,t,e, ,h,a,t,e, ,h,a,t,e, ,h,a,t,e, ,h,a,t,e, ,h,a,t,e, ,h,a,t,e, ,h,a,t,e, ,h,a,t,e, ,h,a,t,e, ,h,a,t,e, ,h,a,t,e
b,e,c,a,u,s,e, ,h,e, ,',s, ,a, ,n,i,g,g,a, ,.
n,i,g,g,a, ,y,o,u, ,k,n,o,w, ,w,h,a,t, ,i, ,',m, ,t,a,l,k,i,n,g, ,a,b,o,u,t, ,.
i, ,',m, ,i,n, ,t,h,e, ,h,o,o,d, ,r,i,g,h,t, ,n,o,w, ,., ,i, ,',m, ,i,n, ,t,h,e, ,h,o,o,d, ,r,i,g,h,t, ,n,o,w, ,l,o,l
n,o, ,",", ,i, ,d,o,n, ,',t, ,h,a,t,e, ,h,e,r, ,",", ,i, ,d,o,n, ,',t, ,h,a,t,e, ,h,e,r, ,., ,i, ,d,o,n, ,',t, ,h,a,t,e, ,h,e,r, ,",", ,i, ,d,o,n, ,',t, ,h,a,t,e, ,h,e,r, ,., ,i, ,d,o,n, ,',t, ,h,a,t,e, ,h,e,r, ,., ,i, ,h,a,t,e, ,h,e,r, ,., ,x
n,i,g,g,a, ,y,o,u, ,a,i,n, ,',t, ,g,o,t, ,n,o,t,h,i,n,g, ,t,o, ,d,o
i, ,h,a,t,e, ,m,a,t,h, ,., ,i, ,h,a,t,e, ,m,a,t,h, ,., ,i, ,h,a,t,e, ,m,a,t,h, ,a,n,d, ,m,a,t,h, ,., ,i, ,h,a,t,e, ,m,a,t,h, ,.
r,t, ,i, ,h,a,t,e, ,h,a,t,e, ,h,a,t,e, ,h,a,t,e, ,h,a,t,e, ,h,a,t,e, ,h,a,t,e, ,h,a,t,e, ,h,a,t,e, ,h,a,t,e, ,h,a,t,e, ,h,a,t,e, ,h,a,t,e, ,h,a,t,e, ,h,a,t,e, ,h,a,t,e, ,h,a,t,e, ,h,a,t,e, ,h,a,t,e, ,h,a,t,e, ,h,a,t,e, ,h,a,t,e, ,h,a,t,e, ,h,a,t,e, ,h,a,t,e, ,h,a,t,e, ,h,a,t,e, ,h,a,t,e, ,h,a,t,e
i, ,d,o,n, ,',t, ,k,n,o,w, ,h,o,w, ,t,o, ,d,o, ,i,t, ,",", ,b,u,t, ,i,t, ,w,o,r,k,s, ,f,o,r, ,m,e, ,., ,i, ,h,a,v,e, ,a, ,s,o,r,e, ,t,h,r,o,a,t, ,a,n,d, ,a, ,s,o,r,e, ,t,h,r,o,a,t, ,., ,i, ,h,a,v,e, ,a, ,s,o,r,e, ,t,h,r,o,a,t, ,.
m,y, ,n,i,g,g,a
r,t, ,r,t, ,r,t, ,r,t, ,h,a,t,e,r,s, ,h,a,t,e, ,h,a,t,e, ,h,a,t,e, ,h,a,t,e, ,h,a,t,e, ,h,a,t,e, ,h,a,t,e, ,h,a,t,e, ,h,a,t,e, ,h,a,t,e, ,h,a,t,e, ,h,a,t,e, ,h,a,t,e, ,h,a,t,e, ,h,a,t,e, ,h,a,t,e, ,h,a,t,e, ,h,a,t,e, ,h,a,t,e
g,o,o,@,@, ,o,o,d, ,t,h,a,n,k,s, ,",", ,i, ,',m, ,g,o,o,d, ,t,h,a,n,k,s, ,",", ,j,u,s,t, ,g,o,t, ,b,a,c,k, ,f,r,o,m, ,a, ,b,i,t, ,s,o,r,e, ,t,h,r,o,a,t, ,",", ,s,o,r,e, ,t,h,r,o,a,t, ,",", ,s,o,r,e, ,t,h,r,o,a,t, ,",", ,s,o,r,e, ,t,h,r,o,a,t, ,",", ,s,o,r,e, ,t,h,r,o,a,t, ,",", ,s,o,r,e, ,t,h,r,o,a,t, ,",", ,s,o,r,e, ,t,h,r,o,a,t, ,x,x
t,h,e, ,w,h,i,t,e, ,o,n,e, ,i,s, ,w,h,i,t,e, ,a,n,d, ,w,h,i,t,e, ,.
w,h,a,t, ,i,t, ,d,o, ,n,i,g,g,a
g,a,y, ,g,a,y, ,g,a,y, ,g,a,y, ,g,a,y, ,g,a,y, ,g,a,y, ,g,a,y, ,g,a,y, ,g,a,y, ,g,a,y, ,g,a,y, ,g,a,y, ,g,a,y, ,g,a,y, ,g,a,y, ,g,a,y, ,g,a,y, ,g,a,y, ,g,a,y, ,g,a,y, ,g,a,y, ,g,a,y, ,g,a,y, ,g,a,y, ,g,a,y, ,g,a,y, ,g,a,y, ,g,a,y, ,g,a,y, ,g,a,y, ,g,a,y, ,g,a,y, ,g,a,y, ,g,a,y, ,g,a,y, ,g,a,y, ,g,a,y, ,g,a,y, ,g,a,y, ,g,a,y, ,g,a,y, ,g,a,y, ,g,a,y, ,g,a,y, ,g,a,y, ,g,a,y, ,g,a,y
l,o,l, ,n,i,g,g,a, ,y,o,u, ,a,i,n,t, ,g,o,t, ,n,o,t,h,i,n,g, ,t,o, ,d,o
f,u,c,k, ,d,a,t, ,n,i,g,g,a
n,o, ,",", ,i, ,w,a,s, ,b,o,r,n, ,i,n, ,<,n,u,m,b,e,r,>, ,., ,i, ,w,a,s, ,b,o,r,n, ,i,n, ,<,n,u,m,b,e,r,>, ,.
i, ,h,a,t,e, ,h,a,t,e, ,h,a,t,e, ,h,a,t,e, ,h,a,t,e, ,h,a,t,e, ,h,a,t,e, ,h,a,t,e, ,h,a,t,e, ,h,a,t,e, ,h,a,t,e, ,h,a,t,e, ,h,a,t,e, ,h,a,t,e, ,h,a,t,e, ,h,a,t,e, ,h,a,t,e, ,h,a,t,e, ,h,a,t,e, ,h,a,t,e, ,h,a,t,e, ,h,a,t,e, ,h,a,t,e, ,h,a,t,e, ,h,a,t,e, ,h,a,t,e, ,h,i,m, ,.
n,@,@, ,m, ,j,u,s,t, ,a, ,l,i,t,t,l,e, ,b,i,t, ,o,f, ,a, ,s,o,r,e, ,t,h,r,o,a,t, ,a,n,d, ,a, ,s,o,r,e, ,t,h,r,o,a,t
i, ,',m, ,n,o,t, ,a, ,h,u,m,a,n, ,r,i,@,@, ,g,h,t,s, ,",", ,b,u,t, ,i, ,',m, ,n,o,t, ,a, ,h,u,m,a,n, ,r,i,@,@, ,g,h,t,s, ,., ,i, ,',m, ,n,o,t, ,a, ,h,u,m,a,n, ,r,i,@,@, ,g,h,t,s, ,",", ,b,u,t, ,i, ,',m, ,n,o,t, ,a, ,h,u,m,a,n, ,r,i,@,@, ,g,h,t,s, ,.
l,o,l, ,., ,i, ,',m, ,g,o,i,n,g, ,t,o, ,w,e,a,r, ,b,l,a,c,k, ,a,n,d, ,w,h,i,t,e, ,a,n,d, ,b,l,a,c,k, ,a,n,d, ,w,h,i,t,e, ,.
y,e,a,h, ,",", ,i, ,h,a,t,e, ,h,e,r, ,., ,i, ,h,a,t,e, ,h,e,r, ,., ,i, ,h,a,t,e, ,h,e,r, ,., ,i, ,h,a,t,e, ,h,e,r, ,., ,i, ,h,a,t,e, ,h,e,r, ,., ,i, ,h,a,t,e, ,h,e,r, ,.
r,t, ,i, ,h,a,t,e, ,p,e,o,p,l,e, ,w,h,o, ,h,a,t,e, ,t,h,e,i,r, ,h,a,t,e, ,h,a,t,e, ,h,a,t,e, ,h,a,t,e, ,h,a,t,e, ,h,a,t,e, ,h,a,t,e, ,h,a,t,e, ,h,a,t,e, ,h,a,t,e, ,h,a,t,e, ,h,a,t,e, ,h,a,t,e, ,h,a,t,e, ,h,a,t,e, ,h,a,t,e, ,h,a,t,e, ,h,a,t,e, ,h,a,t,e, ,h,a,t,e, ,h,a,t,e, ,h,a,t,e, ,h,a,t,e, ,t,h,e,m
r,t, ,r,t, ,i,f, ,y,o,u, ,',r,e, ,u,g,l,y, ,a,n,d, ,t,h,e,y, ,',r,e, ,u,g,l,y, ,a,s, ,f,u,c,k, ,.
i,t, ,',s, ,b,l,a,c,k, ,a,n,d, ,b,l,a,c,k, ,a,n,d, ,b,l,a,c,k, ,a,n,d, ,w,h,i,t,e, ,., ,i, ,l,i,k,e, ,t,h,e, ,c,o,l,o,r, ,o,f, ,b,l,a,c,k, ,a,n,d, ,b,l,a,c,k, ,a,n,d, ,b,l,a,c,k, ,.
i, ,h,a,t,e, ,i,t, ,w,h,e,n, ,p,e,o,p,l,e, ,h,a,t,e, ,h,a,t,e, ,h,a,t,e, ,h,a,t,e, ,h,a,t,e, ,h,a,t,e, ,h,a,t,e, ,h,a,t,e, ,h,a,t,e, ,h,a,t,e, ,h,a,t,e, ,h,a,t,e, ,h,a,t,e, ,h,a,t,e, ,h,a,t,e, ,h,a,t,e, ,h,a,t,e, ,h,a,t,e, ,h,a,t,e, ,h,a,t,e, ,h,a,t,e, ,h,a,t,e, ,h,a,t,e, ,h,a,t,e, ,h,a,t,e
d,i,e, ,d,i,e, ,d,i,e, ,d,i,e, ,d,i,e, ,d,i,e, ,d,i,e, ,d,i,e, ,d,i,e, ,d,i,e, ,d,i,e, ,d,i,e, ,d,i,e, ,d,i,e, ,d,i,e, ,d,i,e, ,d,i,e, ,d,i,e, ,d,i,e, ,d,i,e, ,d,i,e, ,d,i,e, ,d,i,e, ,d,i,e, ,d,i,e, ,d,i,e, ,k,@,@, ,o,m,@,@, ,e,n
i, ,',m, ,n,o,t, ,f,a,t, ,., ,i, ,',m, ,n,o,t, ,f,a,t, ,., ,i, ,',m, ,n,o,t, ,f,a,t, ,., ,i, ,',m, ,n,o,t, ,f,a,t, ,., ,i, ,',m, ,f,a,t, ,.
i,f, ,y,o,u, ,w,a,n,t, ,t,o, ,k,i,l,l, ,m,e, ,",", ,i, ,',m, ,n,o,t, ,g,o,i,n,g, ,t,o, ,k,i,l,l, ,y,o,u, ,.
i, ,',m, ,n,o,t, ,a, ,w,h,o,r,e, ,.
n,o, ,",", ,i, ,d,o,n, ,',t, ,h,a,t,e, ,h,e,r, ,., ,i, ,d,o,n, ,',t, ,h,a,t,e, ,h,e,r, ,., ,i, ,d,o,n, ,',t, ,h,a,t,e, ,h,e,r, ,., ,i, ,d,o,n, ,',t, ,h,a,t,e, ,h,e,r, ,., ,i, ,d,o,n, ,',t, ,h,a,t,e, ,h,e,r, ,., ,i, ,j,u,s,t, ,d,o,n, ,',t, ,l,i,k,e, ,h,e,r, ,.
h,e, ,w,a,s, ,i,n, ,t,h,e, ,h,o,o,d, ,a,n,d, ,h,e, ,w,a,s, ,l,i,k,e, ,"""", ,i, ,',m, ,n,o,t, ,a, ,n,i,g,g,a, ,",", ,i, ,d,o,n, ,',t, ,k,n,o,w, ,w,h,a,t, ,t,o, ,d,o, ,., ,"""", ,l,o,l
y,e,a,h, ,",", ,i, ,h,a,t,e, ,w,h,e,n, ,p,e,o,p,l,e, ,h,a,t,e, ,h,a,t,e, ,h,a,t,e, ,h,a,t,e, ,h,a,t,e, ,h,a,t,e, ,h,a,t,e, ,h,a,t,e, ,h,a,t,e, ,h,a,t,e, ,h,a,t,e, ,h,a,t,e, ,h,a,t,e, ,h,a,t,e, ,h,a,t,e, ,h,a,t,e, ,h,a,t,e, ,h,a,t,e, ,h,a,t,e, ,.
i, ,h,a,t,e, ,h,a,t,e, ,h,a,t,e, ,h,a,t,e, ,h,a,t,e, ,h,a,t,e, ,h,a,t,e, ,h,a,t,e, ,h,a,t,e, ,h,a,t,e, ,h,a,t,e, ,h,a,t,e, ,h,a,t,e, ,h,a,t,e, ,h,a,t,e, ,h,a,t,e, ,h,a,t,e, ,h,a,t,e, ,h,a,t,e, ,h,a,t,e, ,h,a,t,e, ,h,a,t,e, ,h,a,t,e, ,h,a,t,e, ,h,a,t,e, ,h,a,t,e, ,h,a,t,e, ,h,a,t,e, ,h,a,t,e, ,h,a,t,e, ,h,a,t,e, ,h,a,t,e, ,h,a,t,e
i, ,k,n,o,w, ,",", ,i, ,h,a,t,e, ,h,i,m, ,., ,i, ,h,a,t,e, ,h,i,m, ,., ,i, ,h,a,t,e, ,h,i,m, ,., ,i, ,h,a,t,e, ,h,i,m, ,., ,h,e, ,h,a,t,e,s, ,m,e, ,.
i, ,',m, ,n,o,t, ,f,a,t, ,., ,i, ,',m, ,f,a,t,@,@, ,f,a,t,@,@, ,f,a,t,@,@, ,f,a,t,@,@, ,f,a,t,@,@, ,f,a,t,@,@, ,f,a,t,@,@, ,f,a,t,@,@, ,f,a,t
o,h, ,o,k, ,., ,i, ,',m, ,n,o,t, ,h,a,t,i,n,g, ,o,n, ,h,i,m, ,., ,h,e, ,',s, ,j,u,s,t, ,a, ,h,a,t,@,@, ,e,r, ,., ,h,a,t,e,r,s, ,h,a,t,e, ,h,a,t,e, ,h,a,t,e, ,h,a,t,e, ,h,a,t,e, ,h,a,t,e, ,h,a,t,e, ,h,a,t,e, ,h,a,t,e, ,h,a,t,e, ,h,a,t,e, ,h,a,t,e, ,h,a,t,e, ,h,a,t,e, ,h,a,t,e, ,h,i,m, ,.
b,l,a,c,k, ,s,@,@, ,w,a,n, ,",", ,w,h,i,t,e, ,",", ,w,h,i,t,e, ,",", ,b,l,a,c,k, ,",", ,w,h,i,t,e, ,",", ,b,l,a,c,k, ,",", ,w,h,i,t,e, ,",", ,b,l,a,c,k, ,",", ,w,h,i,t,e, ,",", ,b,l,a,c,k, ,",", ,w,h,i,t,e, ,",", ,b,l,a,c,k, ,",", ,w,h,i,t,e, ,",", ,b,l,a,c,k, ,",", ,w,h,i,t,e, ,",", ,b,l,a,c,k, ,",", ,w,h,i,t,e, ,",", ,b,l,a,c,k, ,",", ,w,h,i,t,e, ,",", ,b,l,a,c,k, ,",", ,w,h,i,t,e, ,",", ,b,l,a,c,k, ,",", ,w,h,i,t,e, ,",", ,b,l,a,c,k, ,a,n,d, ,w,h,i,t,e, ,.
i,f, ,y,o,u, ,',r,e, ,n,o,t, ,f,a,t, ,",", ,y,o,u, ,',r,e, ,n,o,t, ,f,a,t, ,",", ,y,o,u, ,',r,e, ,n,o,t, ,f,a,t, ,.
g,a,y, ,g,a,y, ,g,a,y, ,g,a,y, ,g,a,y, ,g,a,y, ,g,a,y, ,g,a,y, ,g,a,y, ,g,a,y, ,g,a,y, ,g,a,y, ,g,a,y, ,g,a,y, ,g,a,y, ,g,a,y, ,g,a,y, ,g,a,y
n,i,g,g,a, ,y,o,u, ,n,e,e,d, ,t,o, ,g,e,t, ,a, ,n,e,w, ,o,n,e, ,.
y,e,a,h, ,i, ,k,n,o,w, ,., ,i, ,j,u,s,t, ,h,a,t,e, ,i,t, ,., ,i, ,h,a,t,e, ,i,t, ,w,h,e,n, ,p,e,o,p,l,e, ,s,a,y, ,t,h,e,y, ,h,a,t,e, ,t,h,e,i,r, ,o,p,i,n,@,@, ,i,o,n,s, ,a,n,d, ,t,h,e,y, ,h,a,t,e, ,i,t, ,., ,t,h,e,y, ,h,a,t,e, ,i,t, ,.
r,t, ,r,t, ,n,i,g,g,a,s, ,d,o,n, ,',t, ,k,n,o,w, ,h,o,w, ,t,o, ,a,c,t, ,l,i,k,e, ,t,h,e,y, ,d,o,n, ,',t, ,c,a,r,e, ,., ,t,h,e,y, ,d,o,n, ,',t, ,k,n,o,w, ,h,o,w, ,t,o, ,m,a,k,e, ,i,t, ,.
f,o,l,l,o,w, ,b,a,c,k, ,n,i,g,g,a
i, ,h,a,t,e, ,h,e,r, ,., ,i, ,h,a,t,e, ,h,e,r, ,., ,i, ,h,a,t,e, ,h,e,r, ,., ,i, ,h,a,t,e, ,h,e,r, ,., ,i, ,h,a,t,e, ,h,e,r, ,., ,i, ,h,a,t,e, ,h,e,r, ,., ,i, ,h,a,t,e, ,h,e,r, ,., ,i, ,h,a,t,e, ,h,e,r, ,., ,i, ,h,a,t,e, ,h,e,r, ,.
d,i,e, ,d,i,e, ,d,i,e, ,d,i,e, ,d,i,e, ,d,i,e, ,d,i,e, ,d,i,e, ,d,i,e, ,d,i,e, ,d,i,e, ,d,i,e, ,d,i,e, ,d,i,e, ,d,i,e, ,d,i,e, ,d,i,e, ,d,i,e, ,d,i,e, ,d,i,e, ,d,i,e, ,d,i,e, ,d,i,e, ,d,i,e, ,d,i,e, ,d,i,e, ,.
i, ,k,n,o,w, ,",", ,i, ,h,a,t,e, ,h,e,r, ,., ,i, ,h,a,t,e, ,h,e,r, ,., ,i, ,h,a,t,e, ,h,e,r, ,., ,i, ,h,a,t,e, ,h,e,r, ,., ,i, ,h,a,t,e, ,h,e,r, ,., ,i, ,h,a,t,e, ,h,e,r, ,.
b,l,a,c,k, ,b,l,a,c,k, ,b,l,a,c,k, ,b,l,a,c,k, ,b,l,a,c,k, ,b,l,a,c,k, ,b,l,a,c,k, ,b,l,a,c,k, ,b,l,a,c,k, ,b,l,a,c,k, ,b,l,a,c,k, ,b,l,a,c,k, ,b,l,a,c,k, ,b,l,a,c,k, ,b,l,a,c,k, ,b,l,a,c,k, ,b,l,a,c,k, ,b,l,a,c,k, ,b,l,a,c,k, ,b,l,a,c,k, ,b,l,a,c,k, ,b,l,a,c,k, ,b,l,a,c,k, ,b,l,a,c,k, ,b,l,a,c,k, ,b,l,a,c,k, ,b,l,a,c,k, ,b,l,a,c,k, ,b,l,a,c,k, ,b,l,a,c,k, ,b,l,a,c,k, ,b,l,a,c,k, ,b,l,a,c,k, ,b,l,a,c,k, ,b,l,a,c,k, ,b,l,a,c,k, ,b,l,a,c,k, ,b,l,a,c,k, ,b,l,a,c,k, ,b,l,a,c,k, ,b,l,a,c,k, ,b,l,a,c,k, ,b,l,a,c,k, ,b,l,a,c,k, ,b,l,a,c,k, ,b,l,a,c,k, ,b,l,a,c,k, ,b,l,a,c,k, ,b,l,a,c,k, ,b,l,a,c,k, ,b,l,a,c,k, ,b,l,a,c,k
r,t, ,s, ,o, ,t,o, ,c,a,u,s,e, ,s,h,e, ,',s, ,m,y, ,n,i,g,g,a, ,.
i, ,h,a,t,e, ,h,e,r, ,., ,i, ,h,a,t,e, ,h,e,r, ,., ,i, ,h,a,t,e, ,h,e,r, ,., ,i, ,h,a,t,e, ,h,e,r, ,., ,i, ,h,a,t,e, ,h,e,r, ,., ,i, ,h,a,t,e, ,h,e,r, ,.
g,a,y, ,g,a,y, ,g,a,y, ,g,a,y, ,g,a,y, ,g,a,y, ,g,a,y, ,g,a,y, ,g,a,y, ,g,a,y, ,g,a,y, ,g,a,y, ,g,a,y, ,g,a,y, ,g,a,y, ,g,a,y, ,g,a,y, ,g,a,y, ,g,a,y, ,g,a,y, ,g,a,y, ,g,a,y, ,g,a,y, ,g,a,y, ,g,a,y, ,g,a,y, ,g,a,y, ,g,a,y, ,g,a,y, ,g,a,y, ,g,a,y, ,g,a,y, ,g,a,y, ,g,a,y, ,g,a,y, ,g,a,y, ,g,a,y, ,g,a,y, ,g,a,y, ,g,a,y, ,g,a,y, ,g,a,y, ,g,a,y, ,g,a,y, ,g,a,y, ,g,a,y, ,g,a,y, ,g,a,y, ,g,a,y, ,g,a,y, ,g,a,y, ,g,a,y, ,g,a,y, ,g,a,y, ,g,u,y
n,i,g,g,a, ,u, ,g,o,t, ,a, ,n,e,w, ,n,a,m,e
y,e,a,h, ,., ,i, ,h,a,t,e, ,h,a,t,e, ,h,a,t,e, ,h,a,t,e, ,h,a,t,e, ,h,a,t,e, ,h,a,t,e, ,h,a,t,e, ,h,a,t,e, ,h,a,t,e, ,h,a,t,e, ,h,a,t,e, ,h,a,t,e, ,h,a,t,e, ,h,a,t,e, ,h,a,t,e, ,h,a,t,e, ,h,a,t,e, ,h,a,t,e, ,h,a,t,e, ,h,a,t,e, ,h,a,t,e, ,h,a,t,e, ,h,a,t,e, ,h,a,t,e, ,.
i, ,w,a,s, ,b,o,r,n, ,i,n, ,<,n,u,m,b,e,r,>, ,",", ,b,u,t, ,i, ,w,a,s, ,b,o,r,n, ,i,n, ,<,n,u,m,b,e,r,>, ,",", ,s,o, ,i, ,w,a,s, ,b,o,r,n, ,i,n, ,<,n,u,m,b,e,r,>, ,., ,i, ,l,o,v,e, ,i,t, ,!, ,!, ,!
i, ,',m, ,t,r,y,i,n,g, ,t,o, ,f,i,g,u,r,e, ,o,u,t, ,h,o,w, ,t,o, ,u,s,e, ,u,s,@,@, ,g,u,y,s, ,., ,u,s,@,@, ,g,u,y,s, ,",", ,u,s,@,@, ,g,u,y,s, ,",", ,u,s,@,@, ,g,u,y,s, ,",", ,u,s,@,@, ,g,u,y,s, ,",", ,u,s,@,@, ,g,u,y,s, ,",", ,u,s,@,@, ,g,u,y,s, ,",", ,u,s,@,@, ,g,u,y,s, ,",", ,u,s,@,@, ,g,u,y,s, ,",", ,u,s,@,@, ,g,u,y,s, ,",", ,u,s,@,@, ,g,u,y,s, ,",", ,u,s,@,@, ,g,u,y,s, ,",", ,u,s,@,@, ,g,u,y,s, ,",", ,u,s,@,@, ,g,u,y,s, ,., ,u,s,@,@, ,g,u,y,s
m,e,@,@, ,u, ,m,e,@,@, ,u, ,m,e,@,@, ,u, ,m,e,@,@, ,u, ,m,e,@,@, ,u, ,m,e,@,@, ,u, ,m,e,@,@, ,u, ,m,e,@,@, ,u, ,m,e,@,@, ,u, ,m,e,@,@, ,u, ,m,e,@,@, ,u, ,m,e,@,@, ,u, ,m,e,@,@, ,u, ,m,e,@,@, ,u, ,m,e,@,@, ,u, ,m,e,@,@, ,u, ,m,e,@,@, ,u, ,m,e,@,@, ,u, ,m,e,@,@, ,u, ,m,e,@,@, ,u, ,m,e,@,@, ,u, ,m,e,@,@, ,u, ,m,e,@,@, ,u, ,m,e,@,@, ,u, ,m,e,@,@, ,u, ,m,e,@,@, ,u, ,m,e,@,@, ,u, ,m,e,@,@, ,u, ,m,e,@,@, ,u, ,m,e,@,@, ,u, ,m,e,@,@, ,u, ,m,e,@,@, ,u, ,m,e,@,@, ,u, ,m,e,@,@, ,u, ,m,e,@,@, ,u, ,m,e,@,@, ,u, ,m,e,@,@, ,u, ,m,e,@,@, ,u
m,y, ,s,t,o,m,a,c,h, ,h,u,r,t,s, ,",", ,b,u,t, ,i, ,h,a,v,e, ,a, ,s,o,r,e, ,t,h,r,o,a,t, ,a,n,d, ,i, ,h,a,v,e, ,a, ,s,o,r,e, ,t,h,r,o,a,t, ,",", ,s,o, ,i, ,c,a,n, ,',t, ,b,e, ,b,o,t,h,e,r,@,@, ,e,d, ,t,o, ,g,o, ,b,a,c,k, ,t,o, ,s,l,e,e,p, ,.
r,t, ,r,t, ,r,t, ,r,t, ,n,i,g,g,a,s, ,d,o,n, ,',t, ,k,n,o,w, ,w,h,a,t, ,t,h,e,y, ,w,a,n,t, ,., ,t,h,e,y, ,d,o,n, ,',t, ,k,n,o,w, ,h,o,w, ,t,o, ,h,a,n,d,l,e, ,t,h,e,m, ,.
i, ,h,a,v,e, ,a, ,s,o,r,e, ,t,h,r,o,a,t, ,s,o,r,e, ,t,h,r,o,a,t, ,",", ,s,o,r,e, ,t,h,r,o,a,t, ,",", ,s,o,r,e, ,t,h,r,o,a,t, ,",", ,s,o,r,e, ,t,h,r,o,a,t, ,",", ,s,o,r,e, ,t,h,r,o,a,t, ,",", ,s,o,r,e, ,t,h,r,o,a,t, ,",", ,s,o,r,e, ,t,h,r,o,a,t, ,s,o,r,e, ,t,h,r,o,a,t, ,s,o,r,e, ,t,h,r,o,a,t, ,s,o,r,e, ,t,h,r,o,a,t, ,., ,s,o,r,e, ,t,h,r,o,a,t
n,i,g,g,a, ,y,o,u, ,a,i,n, ,',t, ,g,o,t, ,n,o,t,h,i,n,g, ,t,o, ,d,o, ,.
i, ,d,o,n, ,',t, ,t,h,i,n,k, ,h,e, ,',s, ,g,o,i,n,g, ,t,o, ,k,i,l,l, ,h,i,m, ,",", ,b,u,t, ,h,e, ,',s, ,n,o,t, ,g,o,i,n,g, ,t,o, ,k,i,l,l, ,h,i,m, ,., ,h,e, ,',s, ,n,o,t, ,g,o,i,n,g, ,t,o, ,k,i,l,l, ,h,i,m, ,.
i, ,w,a,s, ,b,o,r,n, ,i,n, ,<,n,u,m,b,e,r,>, ,., ,i, ,w,a,s, ,b,o,r,n, ,i,n, ,<,n,u,m,b,e,r,>, ,.
b,l,a,c,k, ,a,n,d, ,y,e,l,l,o,w, ,",", ,b,l,a,c,k, ,",", ,b,l,a,c,k, ,",", ,b,l,a,c,k, ,",", ,b,l,a,c,k, ,",", ,b,l,a,c,k, ,",", ,b,l,a,c,k, ,",", ,b,l,a,c,k, ,",", ,b,l,a,c,k, ,",", ,b,l,a,c,k, ,",", ,b,l,a,c,k, ,",", ,b,l,a,c,k, ,",", ,b,l,a,c,k, ,",", ,b,l,a,c,k, ,",", ,b,l,a,c,k, ,",", ,b,l,a,c,k, ,",", ,b,l,a,c,k, ,",", ,b,l,a,c,k, ,",", ,b,l,a,c,k, ,",", ,b,l,a,c,k, ,",", ,b,l,a,c,k, ,",", ,b,l,a,c,k, ,",", ,b,l,a,c,k, ,",", ,b,l,a,c,k, ,",", ,b,l,a,c,k, ,",", ,b,l,a,c,k, ,",", ,b,l,a,c,k, ,",", ,b,l,a,c,k, ,",", ,b,l,a,c,k, ,",", ,b,l,a,c,k, ,",", ,b,l,a,c,k, ,",", ,b,l,a,c,k, ,",", ,b,l,a,c,k, ,",", ,b,l,a,c,k, ,",", ,b,l,a,c,k, ,",", ,b,l,a,c,k, ,",", ,b,l,a,c,k, ,",", ,b,l,a,c,k, ,",", ,b,l,a,c,k, ,",", ,b,l,a,c,k, ,",", ,b,l,a,c,k, ,",", ,b,l,a,c,k, ,",", ,w,h,i,t,e, ,",", ,b,l,a,c,k, ,.
i,t, ,w,a,s, ,t,h,e, ,f,i,r,s,t, ,p,l,a,c,e, ,i,n, ,t,h,e, ,h,o,o,d, ,., ,i, ,w,a,s, ,b,o,r,n, ,i,n, ,t,h,e, ,h,o,o,d, ,.
w,e,l,l, ,y,o,u, ,',r,e, ,a, ,w,h,o,r,e, ,.
r,t, ,i, ,h,a,t,e, ,w,h,e,n, ,p,e,o,p,l,e, ,s,a,y, ,t,h,e,y, ,h,a,t,e, ,m,e, ,., ,i, ,h,a,t,e, ,w,h,e,n, ,p,e,o,p,l,e, ,s,a,y, ,t,h,e,y, ,h,a,t,e, ,m,e, ,.
r,t, ,i, ,h,a,t,e, ,w,h,e,n, ,p,e,o,p,l,e, ,h,a,t,e, ,h,a,t,e, ,h,a,t,e, ,h,a,t,e, ,h,a,t,e, ,h,a,t,e, ,h,a,t,e, ,h,a,t,e, ,h,a,t,e, ,h,a,t,e, ,h,a,t,e, ,h,a,t,e, ,h,a,t,e, ,h,a,t,e, ,h,a,t,e, ,h,a,t,e, ,h,a,t,e, ,h,a,t,e, ,h,a,t,e, ,h,a,t,e, ,h,a,t,e, ,h,a,t,e, ,h,a,t,e, ,h,a,t,e
b,l,a,c,k, ,a,n,d, ,y,e,l,l,o,w, ,",", ,b,l,a,c,k, ,",", ,y,e,l,l,o,w, ,",", ,b,l,a,c,k, ,",", ,b,l,a,c,k, ,",", ,b,l,a,c,k, ,",", ,b,l,a,c,k, ,",", ,b,l,a,c,k, ,",", ,b,l,a,c,k, ,",", ,b,l,a,c,k, ,",", ,b,l,a,c,k, ,",", ,b,l,a,c,k, ,",", ,b,l,a,c,k, ,",", ,b,l,a,c,k, ,",", ,b,l,a,c,k, ,",", ,b,l,a,c,k, ,",", ,b,l,a,c,k, ,",", ,b,l,a,c,k, ,",", ,b,l,a,c,k, ,",", ,b,l,a,c,k, ,",", ,b,l,a,c,k, ,",", ,b,l,a,c,k, ,",", ,b,l,a,c,k, ,",", ,b,l,a,c,k, ,",", ,b,l,a,c,k, ,",", ,b,l,a,c,k, ,",", ,b,l,a,c,k, ,",", ,b,l,a,c,k, ,",", ,b,l,a,c,k, ,",", ,b,l,a,c,k, ,",", ,b,l,a,c,k, ,",", ,b,l,a,c,k, ,",", ,b,l,a,c,k, ,",", ,b,l,a,c,k, ,",", ,b,l,a,c,k, ,",", ,b,l,a,c,k, ,",", ,b,l,a,c,k, ,",", ,b,l,a,c,k, ,",", ,b,l,a,c,k, ,",", ,b,l,a,c,k, ,",", ,b,l,a,c,k, ,",", ,b,l,a,c,k, ,",", ,b,l,a,c,k, ,",", ,b,l,a,c,k, ,",", ,b,l,a,c,k, ,",", ,b,l,a,c,k, ,.
i, ,d,o,n, ,',t, ,e,v,e,n, ,k,n,o,w, ,w,h,a,t, ,h,e, ,i,s, ,., ,h,e, ,',s, ,a, ,b,i,g, ,a,s,s, ,n,i,g,g,a, ,.
y,o,u, ,l,o,o,k, ,l,i,k,e, ,a, ,n,i,g,g,a, ,l,o,l
i, ,d,o,n, ,',t, ,t,h,i,n,k, ,i, ,',m, ,f,a,t, ,b,u,t, ,i, ,',m, ,n,o,t, ,f,a,t, ,., ,i, ,',m, ,n,o,t, ,f,a,t
i, ,d,o,n, ,',t, ,h,a,t,e, ,h,a,t,e, ,h,a,t,e, ,h,a,t,e, ,h,a,t,e, ,h,a,t,e, ,h,a,t,e, ,h,a,t,e, ,h,a,t,e, ,h,a,t,e, ,h,a,t,e, ,h,a,t,e, ,h,a,t,e, ,h,a,t,e, ,h,a,t,e, ,h,a,t,e, ,h,a,t,e, ,h,a,t,e, ,h,a,t,e, ,h,a,t,e, ,h,a,t,e, ,.
w,h,a,t, ,y,o,u, ,d,o, ,n,i,g,g,a
r,t, ,n,i,g,g,a,s, ,d,o,n, ,',t, ,k,n,o,w, ,h,o,w, ,t,o, ,a,c,t, ,l,i,k,e, ,t,h,e,y, ,d,o,n, ,',t, ,k,n,o,w, ,h,o,w, ,t,o, ,a,c,t, ,l,i,k,e, ,t,h,e,y, ,d,o,n, ,',t, ,c,a,r,e, ,.
i, ,w,a,s, ,b,o,r,n, ,i,n, ,<,n,u,m,b,e,r,>, ,., ,i, ,w,a,s, ,b,o,r,n, ,i,n, ,<,n,u,m,b,e,r,>, ,., ,i, ,',m, ,o,l,d,e,r, ,t,h,a,n, ,y,o,u, ,.
n,i,g,g,a, ,y,o,u, ,g,o,t, ,a, ,n,e,w, ,p,h,o,n,e
f,u,c,k, ,d,a,t, ,n,i,g,g,a, ,b,o,@,@, ,i
y,e,a,h, ,",", ,i, ,k,n,o,w, ,., ,i, ,h,a,v,e, ,a, ,s,o,r,e, ,t,h,r,o,a,t, ,a,n,d, ,a, ,s,o,r,e, ,t,h,r,o,a,t, ,a,n,d, ,a, ,s,o,r,e, ,t,h,r,o,a,t, ,., ,s,o,r,e, ,t,h,r,o,a,t, ,.
f,a,s,h,@,@, ,o, ,n,i,g,g,a
i, ,w,a,s, ,b,o,r,n, ,i,n, ,<,n,u,m,b,e,r,>, ,",", ,i, ,w,a,s, ,b,o,r,n, ,i,n, ,<,n,u,m,b,e,r,>, ,.
i, ,w,a,s, ,b,o,r,n, ,i,n, ,<,n,u,m,b,e,r,>, ,",", ,i, ,w,a,s, ,b,o,r,n, ,i,n, ,<,n,u,m,b,e,r,>, ,., ,i, ,w,a,s, ,b,o,r,n, ,i,n, ,<,n,u,m,b,e,r,>, ,., ,i, ,w,a,s, ,b,o,r,n, ,i,n, ,<,n,u,m,b,e,r,>, ,.
r,t, ,r,t, ,r,t, ,n,i,g,g,a,s, ,d,o,n, ,',t, ,k,n,o,w, ,h,o,w, ,t,o, ,a,c,t, ,l,i,k,e, ,t,h,e,y, ,d,o,n, ,',t, ,k,n,o,w, ,h,o,w, ,t,o, ,a,c,t, ,l,i,k,e, ,t,h,e,y, ,d,o,n, ,',t, ,k,n,o,w, ,.
n,i,g,g,a, ,y,o,u, ,k,n,o,w, ,w,h,a,t, ,i, ,',m, ,t,a,l,k,i,n,g, ,a,b,o,u,t, ,.
b,l,a,c,k, ,e,@,@, ,y,e,d, ,p,e,a,@,@, ,s, ,",", ,w,h,i,t,e, ,",", ,w,h,i,t,e, ,",", ,w,h,i,t,e, ,",", ,b,l,a,c,k, ,",", ,w,h,i,t,e, ,",", ,w,h,i,t,e, ,",", ,b,l,a,c,k, ,",", ,w,h,i,t,e, ,",", ,w,h,i,t,e, ,",", ,b,l,a,c,k, ,",", ,w,h,i,t,e, ,",", ,b,l,a,c,k, ,",", ,w,h,i,t,e, ,",", ,b,l,a,c,k, ,",", ,w,h,i,t,e, ,",", ,b,l,a,c,k, ,",", ,w,h,i,t,e, ,",", ,b,l,a,c,k, ,",", ,w,h,i,t,e, ,",", ,b,l,a,c,k, ,",", ,w,h,i,t,e, ,",", ,b,l,a,c,k, ,",", ,w,h,i,t,e, ,",", ,b,l,a,c,k, ,",", ,w,h,i,t,e, ,",", ,b,l,a,c,k, ,",", ,w,h,i,t,e, ,",", ,b,l,a,c,k, ,",", ,w,h,i,t,e, ,",", ,b,l,a,c,k, ,",", ,w,h,i,t,e, ,",", ,b,l,a,c,k, ,",", ,w,h,i,t,e, ,",", ,b,l,a,c,k, ,",", ,w,h,i,t,e, ,",", ,b,l,a,c,k, ,",", ,w,h,i,t,e, ,",", ,b,l,a,c,k, ,.
i, ,',m, ,b,l,a,c,k, ,a,n,d, ,b,l,a,c,k, ,a,n,d, ,b,l,a,c,k, ,a,n,d, ,b,l,a,c,k, ,a,n,d, ,b,l,a,c,k, ,a,n,d, ,b,l,a,c,k, ,a,n,d, ,b,l,a,c,k, ,a,n,d, ,y,e,l,l,o,w, ,b,l,a,c,k, ,a,n,d, ,b,l,a,c,k, ,a,n,d, ,b,l,a,c,k, ,a,n,d, ,y,e,l,l,o,w, ,b,l,a,c,k, ,a,n,d, ,y,e,l,l,o,w, ,b,l,a,c,k, ,a,n,d, ,y,e,l,l,o,w, ,b,l,a,c,k, ,a,n,d, ,b,l,a,c,k
i, ,h,a,t,e, ,y,o,u, ,g,u,y,s, ,., ,i, ,h,a,t,e, ,h,a,t,e, ,h,a,t,e, ,h,a,t,e, ,h,a,t,e, ,h,a,t,e, ,h,a,t,e, ,h,a,t,e, ,h,a,t,e, ,h,a,t,e, ,h,a,t,e, ,h,a,t,e, ,h,a,t,e, ,h,a,t,e, ,h,a,t,e, ,h,a,t,e, ,h,a,t,e, ,h,a,t,e, ,h,a,t,e, ,.
r,t, ,r,t, ,r,t, ,n,i,g,g,a,s, ,d,o,n, ,',t, ,k,n,o,w, ,w,h,a,t, ,t,h,e,y, ,w,a,n,t, ,., ,t,h,e,y, ,d,o,n, ,',t, ,k,n,o,w, ,w,h,a,t, ,t,h,e,y, ,w,a,n,t, ,.
r,t, ,n,i,g,g,a,s, ,d,o,n, ,',t, ,k,n,o,w, ,h,o,w, ,t,o, ,d,o, ,i,t, ,., ,n,i,g,g,a,s, ,d,o,n, ,',t, ,k,n,o,w, ,h,o,w, ,t,o, ,d,o, ,i,t, ,.
m,a,@,@, ,u, ,m,a,@,@, ,u, ,m,a,@,@, ,u, ,m,a,@,@, ,u, ,m,a,@,@, ,u, ,m,a,@,@, ,u, ,m,a,@,@, ,u, ,m,a,@,@, ,u, ,m,a,@,@, ,u, ,m,a,@,@, ,u, ,m,a,@,@, ,u, ,m,a,@,@, ,u, ,m,a,@,@, ,u, ,m,a,@,@, ,u, ,m,a,@,@, ,u, ,m,a,@,@, ,u, ,m,a,@,@, ,u, ,m,a,@,@, ,u, ,m,a,@,@, ,u, ,m,a,@,@, ,u, ,m,a,@,@, ,u, ,m,a,@,@, ,u, ,m,a,@,@, ,u, ,m,a,@,@, ,u, ,m,a,@,@, ,u, ,m,a,@,@, ,u, ,m,a,@,@, ,u, ,m,a,@,@, ,u, ,m,a,@,@, ,u, ,m,a,@,@, ,u, ,m,a,@,@, ,u, ,m,a,@,@, ,u, ,m,a,@,@, ,u, ,m,a,@,@, ,u, ,m,a,@,@, ,u, ,m,a,@,@, ,u, ,m,a,@,@, ,u, ,m,a,@,@, ,u, ,m,a,@,@, ,u, ,m,a,@,@, ,u, ,m,a,@,@, ,u, ,m,a,@,@, ,u, ,m,a,@,@, ,u, ,m,a,@,@, ,u, ,m,a,@,@, ,u
n,i,g,g,a, ,y,o,u, ,k,n,o,w, ,w,h,a,t, ,i, ,',m, ,t,a,l,k,i,n,g, ,a,b,o,u,t
b,l,a,c,k, ,s,@,@, ,w,a,n, ,",", ,b,l,a,c,k, ,",", ,b,l,a,c,k, ,",", ,b,l,a,c,k, ,",", ,b,l,a,c,k, ,",", ,b,l,a,c,k, ,",", ,b,l,a,c,k, ,",", ,b,l,a,c,k, ,",", ,b,l,a,c,k, ,",", ,b,l,a,c,k, ,",", ,b,l,a,c,k, ,",", ,b,l,a,c,k, ,",", ,b,l,a,c,k, ,",", ,b,l,a,c,k, ,",", ,b,l,a,c,k, ,",", ,b,l,a,c,k, ,",", ,b,l,a,c,k, ,",", ,b,l,a,c,k, ,",", ,b,l,a,c,k, ,",", ,b,l,a,c,k, ,",", ,b,l,a,c,k, ,",", ,b,l,a,c,k, ,",", ,b,l,a,c,k, ,",", ,b,l,a,c,k, ,",", ,b,l,a,c,k, ,",", ,b,l,a,c,k, ,",", ,b,l,a,c,k, ,",", ,b,l,a,c,k, ,",", ,b,l,a,c,k, ,",", ,b,l,a,c,k, ,",", ,b,l,a,c,k, ,",", ,b,l,a,c,k, ,",", ,b,l,a,c,k, ,",", ,b,l,a,c,k, ,",", ,b,l,a,c,k, ,",", ,b,l,a,c,k, ,.
m,y, ,n,i,g,g,a, ,<,a,t,>
n,i,g,g,a, ,y,o,u, ,a,i,n, ,',t, ,n,e,v,e,r, ,l,i,e,d, ,!
m,e, ,t,o,o, ,., ,i, ,h,a,t,e, ,h,a,t,e, ,h,a,t,e, ,h,a,t,e, ,h,a,t,e, ,h,a,t,e, ,h,a,t,e, ,h,a,t,e, ,h,a,t,e, ,h,a,t,e, ,.
i,f, ,y,o,u, ,',r,e, ,f,a,t, ,",", ,y,o,u, ,a,r,e, ,f,a,t, ,a,n,d, ,f,a,t, ,.
w,h,e,r,e, ,y,o,u, ,a,t, ,n,i,g,g,a, ,?
r,t, ,r,t, ,r,t, ,b,o,r,n, ,t,h,i,s, ,w,a,y, ,., ,r,t, ,r,t, ,r,t, ,r,t, ,i,f, ,y,o,u, ,',r,e, ,b,o,r,n, ,t,o, ,b,e, ,b,o,r,n, ,.
i, ,',m, ,n,o,t, ,f,a,t, ,., ,i, ,',m, ,n,o,t, ,f,a,t, ,., ,i, ,',m, ,n,o,t, ,f,a,t, ,., ,i, ,',m, ,f,a,t, ,.
w,h,e,r,e, ,y,o,u, ,a,t, ,n,i,g,g,a
n,i,g,g,a, ,y,o,u, ,k,n,o,w, ,w,h,a,t, ,i, ,',m, ,t,a,l,k,i,n,g, ,a,b,o,u,t, ,.
b,l,a,c,k, ,a,n,d, ,w,h,i,t,e, ,",", ,w,h,i,t,e, ,",", ,w,h,i,t,e, ,",", ,w,h,i,t,e, ,",", ,w,h,i,t,e, ,",", ,w,h,i,t,e, ,",", ,w,h,i,t,e, ,",", ,w,h,i,t,e, ,",", ,b,l,a,c,k, ,",", ,w,h,i,t,e, ,",", ,b,l,a,c,k, ,",", ,w,h,i,t,e, ,",", ,b,l,a,c,k, ,",", ,w,h,i,t,e, ,",", ,b,l,a,c,k, ,",", ,w,h,i,t,e, ,",", ,b,l,a,c,k, ,",", ,w,h,i,t,e, ,",", ,b,l,a,c,k, ,",", ,w,h,i,t,e, ,",", ,b,l,a,c,k, ,",", ,w,h,i,t,e, ,",", ,b,l,a,c,k, ,",", ,w,h,i,t,e, ,",", ,b,l,a,c,k, ,",", ,w,h,i,t,e, ,",", ,b,l,a,c,k, ,",", ,w,h,i,t,e, ,",", ,b,l,a,c,k, ,",", ,w,h,i,t,e, ,",", ,b,l,a,c,k, ,",", ,w,h,i,t,e, ,",", ,b,l,a,c,k, ,a,n,d, ,w,h,i,t,e
i, ,h,a,t,e, ,h,a,t,e, ,h,a,t,e, ,h,a,t,e, ,h,a,t,e, ,h,a,t,e, ,h,a,t,e, ,h,a,t,e, ,.
r,t, ,i, ,d,o,n, ,',t, ,k,n,o,w, ,w,h,y, ,i, ,d,o,n, ,',t, ,w,a,n,t, ,t,o, ,b,e, ,b,o,r,n, ,t,h,i,s, ,w,a,y, ,., ,i, ,d,o,n, ,',t, ,w,a,n,t, ,t,o, ,b,e, ,b,o,r,n, ,t,h,i,s, ,w,a,y, ,.
i, ,d,o,n, ,',t, ,h,a,t,e, ,h,e,r, ,., ,i, ,d,o,n, ,',t, ,h,a,t,e, ,h,e,r, ,., ,i, ,j,u,s,t, ,d,o,n, ,',t, ,l,i,k,e, ,h,e,r, ,., ,i, ,d,o,n, ,',t, ,h,a,t,e, ,h,e,r, ,., ,i, ,d,o,n, ,',t, ,h,a,t,e, ,h,e,r, ,., ,i, ,h,a,t,e, ,h,e,r, ,.
n,i,g,g,a, ,y,o,u, ,a,i,n, ,',t, ,e,v,e,n, ,k,n,o,w, ,w,h,a,t, ,i,t, ,i,s, ,.
f,a,t,@,@, ,f,a,t,@,@, ,f,a,t,@,@, ,f,a,t,@,@, ,f,a,t,@,@, ,f,a,t,@,@, ,f,a,t,@,@, ,t,w,e,e,t
n,i,g,g,a, ,y,o,u, ,n,e,e,d, ,t,o, ,g,e,t, ,a, ,n,e,w, ,p,h,o,n,e
n,o, ,",", ,i, ,',m, ,n,o,t, ,s,u,r,e, ,., ,i, ,t,h,i,n,k, ,i,t, ,',s, ,j,u,s,t, ,p,l,a,i,n, ,w,h,i,t,e, ,a,n,d, ,w,h,i,t,e, ,a,n,d, ,w,h,i,t,e, ,.
i, ,',m, ,n,o,t, ,f,a,t, ,",", ,i, ,',m, ,a, ,f,a,t,@,@, ,a,s,s, ,l,o,l
l,o,l, ,f,u,c,k, ,t,h,a,t, ,n,i,g,g,a
m,e, ,t,o,o, ,., ,i, ,h,a,t,e, ,i,t, ,w,h,e,n, ,p,e,o,p,l,e, ,h,a,t,e, ,h,a,t,e, ,h,a,t,e, ,h,a,t,e, ,h,a,t,e, ,h,a,t,e, ,h,a,t,e, ,h,a,t,e, ,h,a,t,e, ,h,a,t,e, ,h,a,t,e, ,h,a,t,e, ,h,a,t,e, ,h,a,t,e, ,h,a,t,e, ,h,a,t,e, ,h,a,t,e, ,h,a,t,e, ,h,a,t,e, ,h,a,t,e, ,t,h,e,m, ,.
r,t, ,r,t, ,r,t, ,r,t, ,n,i,g,g,a,s, ,d,o,n, ,',t, ,w,a,n,t, ,t,o, ,k,n,o,w, ,w,h,a,t, ,t,h,e,y, ,w,a,n,t, ,., ,t,h,e,y, ,d,o,n, ,',t, ,w,a,n,t, ,t,o, ,h,e,a,r, ,i,t, ,.
n,a,w, ,n,i,g,g,a
n,i,g,g,a, ,y,o,u, ,k,n,o,w, ,w,h,a,t, ,i, ,',m, ,t,a,l,k,i,n,g, ,a,b,o,u,t, ,.
m,y, ,n,i,g,g,a
r,t, ,r,t, ,n,i,g,g,a,s, ,d,o,n, ,',t, ,t,r,e,a,t, ,n,i,g,g,a,s, ,l,i,k,e, ,y,o,u, ,d,o,n, ,',t, ,k,n,o,w, ,w,h,a,t, ,t,h,e,y, ,w,a,n,t, ,.
i, ,',m, ,n,o,t, ,f,a,t, ,., ,i, ,',m, ,n,o,t, ,f,a,t, ,., ,i, ,',m, ,n,o,t, ,f,a,t, ,., ,i, ,',m, ,n,o,t, ,f,a,t, ,.
i, ,k,n,o,w, ,",", ,b,u,t, ,i, ,s,t,i,l,l, ,l,o,o,k, ,l,i,k,e, ,a, ,<,n,u,m,b,e,r,>, ,y,e,a,r, ,o,l,d, ,n,i,g,g,a
r,t, ,r,t, ,s,o,r,e, ,t,h,r,o,a,t, ,",", ,s,o,r,e, ,t,h,r,o,a,t, ,",", ,s,o,r,e, ,t,h,r,o,a,t, ,",", ,s,o,r,e, ,t,h,r,o,a,t, ,",", ,s,o,r,e, ,t,h,r,o,a,t, ,",", ,s,o,r,e, ,t,h,r,o,a,t, ,",", ,s,o,r,e, ,t,h,r,o,a,t, ,",", ,s,o,r,e, ,t,h,r,o,a,t, ,",", ,s,o,r,e, ,t,h,r,o,a,t, ,",", ,s,o,r,e, ,t,h,r,o,a,t, ,",", ,s,o,r,e, ,t,h,r,o,a,t, ,.
n,i,g,g,a, ,i, ,g,o,t, ,u, ,b,r,o
w,h,e,r,e, ,y,o,u, ,a,t, ,n,i,g,g,a, ,?
r,t, ,r,t, ,n,i,g,g,a,s, ,d,o,n, ,',t, ,k,n,o,w, ,h,o,w, ,t,o, ,a,c,t, ,l,i,k,e, ,t,h,e,y, ,d,o,n, ,',t, ,k,n,o,w, ,w,h,o, ,t,h,e,y, ,a,r,e, ,., ,t,h,e,y, ,d,o,n, ,',t, ,k,n,o,w, ,w,h,o, ,t,h,e,y, ,a,r,e
n,i,g,g,a, ,u, ,a,i,n, ,',t, ,g,o,t, ,a, ,n,e,w, ,n,a,m,e
<,m,i,n,o,r,_,s,p,e,a,k,e,r,>, ,i, ,a,g,r,e,e, ,., ,i, ,d,o,n, ,',t, ,u,n,d,e,r,s,t,a,n,d, ,w,h,y, ,p,e,o,p,l,e, ,h,a,t,e, ,h,a,t,e, ,h,a,t,e, ,h,a,t,e, ,h,a,t,e, ,h,a,t,e, ,h,a,t,e, ,h,a,t,e, ,h,a,t,e, ,h,a,t,e, ,h,a,t,e, ,h,a,t,e, ,h,a,t,e, ,h,a,t,e, ,h,a,t,e, ,h,a,t,e, ,h,a,t,e, ,h,a,t,e, ,h,a,t,e, ,.
*, ,s,m,i,r,k,s, ,",", ,p,u,m,@,@, ,p,i,n,g, ,h,i,s, ,f,i,n,g,e,r,s, ,i,n, ,h,i,s, ,l,a,p, ,",", ,p,u,m,@,@, ,p,i,n,g, ,h,i,s, ,f,i,n,g,e,r,s, ,t,h,r,o,u,g,h, ,h,i,s, ,h,a,i,r, ,a,n,d, ,p,u,m,@,@, ,p,s, ,s,l,o,w,l,y, ,*, ,f,u,c,k, ,., ,y,o,u, ,',r,e, ,s,o, ,h,o,t, ,.
i,t, ,w,a,s, ,m,y, ,n,i,g,g,a
f,u,c,k, ,u, ,n,i,g,g,a
b,l,a,c,k, ,o,p,s, ,",", ,b,l,a,c,k, ,o,p,s, ,",", ,b,l,a,c,k, ,o,p,s, ,",", ,b,l,a,c,k, ,o,p,s, ,",", ,b,l,a,c,k, ,o,p,s, ,",", ,b,l,a,c,k, ,o,p,s, ,",", ,b,l,a,c,k, ,o,p,s, ,",", ,b,l,a,c,k, ,o,p,s, ,",", ,b,l,a,c,k, ,o,p,s, ,",", ,b,l,a,c,k, ,o,p,s, ,",", ,b,l,a,c,k, ,o,p,s, ,",", ,b,l,a,c,k, ,o,p,s, ,",", ,b,l,a,c,k, ,o,p,s, ,",", ,b,l,a,c,k, ,o,p,s, ,",", ,b,l,a,c,k, ,o,p,s, ,",", ,b,l,a,c,k, ,o,p,s, ,",", ,b,l,a,c,k, ,o,p,s, ,",", ,b,l,a,c,k, ,o,p,s, ,",", ,b,l,a,c,k, ,o,p,s, ,e,t,c, ,.
i, ,k,n,o,w, ,., ,i, ,h,a,t,e, ,h,e,r, ,., ,i, ,h,a,t,e, ,h,e,r, ,., ,i, ,h,a,t,e, ,h,e,r, ,., ,i, ,h,a,t,e, ,h,e,r, ,., ,i, ,h,a,t,e, ,h,e,r, ,., ,i, ,h,a,t,e, ,h,e,r, ,.
i, ,h,a,t,e, ,h,i,m, ,., ,i, ,h,a,t,e, ,h,i,m, ,., ,i, ,h,a,t,e, ,h,i,m, ,., ,i, ,h,a,t,e, ,h,i,m, ,.
i, ,t,a,@,@, ,p, ,t,a,@,@, ,p, ,t,a,@,@, ,u, ,t,a,@,@, ,u, ,t,a,@,@, ,u, ,t,a,@,@, ,u, ,t,a,@,@, ,u, ,t,a,@,@, ,u, ,t,a,@,@, ,u, ,t,a,@,@, ,u, ,t,a,@,@, ,u, ,t,a,@,@, ,u, ,t,a,@,@, ,u, ,t,a,@,@, ,u, ,t,a,@,@, ,u, ,t,a,@,@, ,u, ,t,a,@,@, ,u, ,t,a,@,@, ,u, ,t,a,@,@, ,u, ,t,a,@,@, ,u, ,t,a,@,@, ,u, ,t,a,@,@, ,u, ,t,a,@,@, ,u, ,t,a,@,@, ,u, ,t,a,@,@, ,u, ,t,a,@,@, ,u, ,t,a,@,@, ,u, ,t,a,@,@, ,u, ,t,a,@,@, ,u, ,t,a,@,@, ,u, ,t,a,@,@, ,u, ,t,a,@,@, ,u, ,t,a,@,@, ,u, ,t,a,@,@, ,u, ,t,a,@,@, ,u, ,.
w,h,a,t, ,u,p, ,n,i,g,g,a
n,i,g,g,a, ,u, ,a,i,n, ,',t, ,g,o,t, ,n,o,t,h,i,n,g, ,t,o, ,d,o, ,w,i,t, ,i,t
w,h,i,t,e, ,",", ,w,h,i,t,e, ,",", ,w,h,i,t,e, ,",", ,w,h,i,t,e, ,",", ,w,h,i,t,e, ,",", ,w,h,i,t,e, ,",", ,w,h,i,t,e, ,",", ,w,h,i,t,e, ,",", ,w,h,i,t,e, ,",", ,w,h,i,t,e, ,",", ,w,h,i,t,e, ,",", ,w,h,i,t,e, ,",", ,w,h,i,t,e, ,",", ,w,h,i,t,e, ,",", ,w,h,i,t,e, ,",", ,w,h,i,t,e, ,",", ,w,h,i,t,e, ,",", ,w,h,i,t,e, ,",", ,w,h,i,t,e, ,",", ,w,h,i,t,e, ,",", ,w,h,i,t,e, ,",", ,w,h,i,t,e, ,",", ,w,h,i,t,e, ,",", ,w,h,i,t,e, ,",", ,w,h,i,t,e, ,",", ,w,h,i,t,e, ,",", ,w,h,i,t,e, ,",", ,w,h,i,t,e, ,",", ,w,h,i,t,e, ,",", ,w,h,i,t,e, ,",", ,w,h,i,t,e, ,",", ,w,h,i,t,e, ,",", ,w,h,i,t,e, ,",", ,w,h,i,t,e, ,",", ,w,h,i,t,e, ,",", ,w,h,i,t,e, ,",", ,w,h,i,t,e, ,.
r,t, ,h,a,t,e, ,h,a,t,e, ,h,a,t,e, ,h,a,t,e, ,h,a,t,e, ,h,a,t,e, ,h,a,t,e, ,h,a,t,e, ,h,a,t,e, ,h,a,t,e, ,h,a,t,e, ,h,a,t,e, ,h,a,t,e, ,h,a,t,e, ,h,a,t,e, ,h,a,t,e, ,h,a,t,e, ,h,a,t,e, ,h,a,t,e, ,h,a,t,e, ,h,a,t,e, ,h,a,t,e, ,h,a,t,e, ,h,a,t,e, ,h,a,t,e, ,h,a,t,e, ,h,a,t,e, ,h,a,t,e
i, ,',m, ,n,o,t, ,f,a,t, ,., ,i, ,',m, ,n,o,t, ,f,a,t, ,., ,i, ,',m, ,n,o,t, ,f,a,t, ,., ,i, ,',m, ,n,o,t, ,f,a,t, ,.
h,e, ,w,a,s, ,b,o,r,n, ,i,n, ,g,e,r,@,@, ,m,a,n,y, ,a,n,d, ,h,e, ,w,a,s, ,b,o,r,n, ,i,n, ,g,e,r,@,@, ,m,a,n,y, ,a,n,d, ,h,e, ,w,a,s, ,b,o,r,n, ,i,n, ,g,e,r,@,@, ,m,a,n,y
r,t, ,i,f, ,y,o,u, ,',r,e, ,n,o,t, ,f,a,t, ,",", ,y,o,u, ,',r,e, ,n,o,t, ,f,a,t, ,., ,y,o,u, ,',r,e, ,n,o,t, ,f,a,t, ,",", ,y,o,u, ,',r,e, ,t,h,e, ,o,n,l,y, ,o,n,e, ,w,h,o, ,c,a,n, ,c,o,o,k, ,f,o,r, ,y,o,u, ,.
m,y, ,g,r,a,n,d,@,@, ,m,a, ,w,a,s, ,b,o,r,n, ,i,n, ,<,n,u,m,b,e,r,>, ,y,e,a,r,s, ,., ,s,h,e, ,w,a,s, ,b,o,r,n, ,i,n, ,<,n,u,m,b,e,r,>, ,y,e,a,r,s, ,., ,s,h,e, ,w,a,s, ,b,o,r,n, ,i,n, ,<,n,u,m,b,e,r,>, ,., ,<,n,u,m,b,e,r,>, ,y,r,s, ,o,l,d, ,.
i, ,h,a,t,e, ,t,h,e,m, ,., ,i, ,h,a,t,e, ,t,h,e,m, ,., ,t,h,e,y, ,h,a,t,e, ,m,e, ,., ,t,h,e,y, ,h,a,t,e, ,m,e, ,.
r,t, ,r,t, ,n,i,g,g,a,s, ,d,o,n, ,',t, ,k,n,o,w, ,h,o,w, ,t,o, ,a,c,t, ,l,i,k,e, ,t,h,a,t, ,.
y,e,a,h, ,i, ,k,n,o,w, ,., ,i, ,h,a,t,e, ,h,e,r, ,., ,i, ,h,a,t,e, ,h,e,r, ,., ,i, ,h,a,t,e, ,h,e,r, ,., ,i, ,h,a,t,e, ,h,e,r, ,., ,i, ,h,a,t,e, ,h,e,r, ,., ,i, ,h,a,t,e, ,h,e,r, ,., ,i, ,h,a,t,e, ,h,e,r, ,.
l,o,l, ,f,u,c,k, ,y,o,u, ,n,i,g,g,a
h,a,h,a, ,i, ,k,n,o,w, ,",", ,i, ,h,a,t,e, ,i,t, ,w,h,e,n, ,p,e,o,p,l,e, ,h,a,t,e, ,h,a,t,e, ,h,a,t,e, ,h,a,t,e, ,h,a,t,e, ,h,a,t,e, ,h,a,t,e, ,h,a,t,e, ,h,a,t,e, ,h,a,t,e, ,h,a,t,e, ,h,a,t,e, ,h,a,t,e, ,h,a,t,e, ,h,a,t,e, ,h,a,t,e, ,h,a,t,e, ,h,a,t,e, ,h,a,t,e, ,h,a,t,e, ,h,a,t,e, ,h,a,t,e, ,t,h,e,m, ,!
i, ,d,o,n, ,',t, ,u,n,d,e,r,s,t,a,n,d, ,w,h,y, ,p,e,o,p,l,e, ,h,a,t,e, ,h,a,t,e, ,h,a,t,e, ,h,a,t,e, ,h,a,t,e, ,h,a,t,e, ,h,a,t,e, ,h,a,t,e, ,h,a,t,e, ,h,a,t,e, ,h,a,t,e, ,h,a,t,e, ,h,a,t,e, ,h,a,t,e, ,h,a,t,e, ,h,a,t,e, ,h,a,t,e, ,h,a,t,e, ,h,a,t,e, ,h,a,t,e, ,h,a,t,e, ,h,a,t,e, ,h,a,t,e, ,h,a,t,e, ,h,a,t,e, ,h,a,t,e, ,h,a,t,e
b,l,a,c,k, ,s,@,@, ,w,a,n, ,",", ,w,h,i,t,e, ,",", ,b,l,a,c,k, ,",", ,w,h,i,t,e, ,",", ,b,l,a,c,k, ,",", ,w,h,i,t,e, ,",", ,b,l,a,c,k, ,",", ,b,l,a,c,k, ,",", ,w,h,i,t,e, ,",", ,b,l,a,c,k, ,",", ,b,l,a,c,k, ,",", ,w,h,i,t,e, ,",", ,b,l,a,c,k, ,",", ,b,l,a,c,k, ,",", ,b,l,a,c,k, ,",", ,b,l,a,c,k, ,",", ,b,l,a,c,k, ,",", ,b,l,a,c,k, ,",", ,b,l,a,c,k, ,",", ,b,l,a,c,k, ,",", ,b,l,a,c,k, ,",", ,b,l,a,c,k, ,",", ,b,l,a,c,k, ,",", ,b,l,a,c,k, ,",", ,b,l,a,c,k, ,",", ,b,l,a,c,k, ,",", ,b,l,a,c,k, ,",", ,b,l,a,c,k, ,",", ,b,l,a,c,k, ,",", ,b,l,a,c,k, ,",", ,b,l,a,c,k, ,",", ,b,l,a,c,k, ,",", ,b,l,a,c,k, ,",", ,b,l,a,c,k, ,",", ,b,l,a,c,k, ,",", ,b,l,a,c,k, ,",", ,b,l,a,c,k, ,.
<,m,i,n,o,r,_,s,p,e,a,k,e,r,>, ,h,a,t,@,@, ,e,r, ,., ,h,a,t,e, ,h,a,t,e, ,h,a,t,e, ,h,a,t,e, ,h,a,t,e, ,.
y,o,u, ,',r,e, ,a, ,w,h,o,r,e, ,!
l,m,a,o, ,h,e,l,l, ,n,a,w, ,n,i,g,g,a
a,w,w, ,",", ,i, ,h,a,t,e, ,h,o,s,p,@,@, ,i,t,@,@, ,a,l,s, ,!, ,i, ,h,a,t,e, ,h,a,t,e, ,h,a,t,e, ,h,a,t,e, ,h,a,t,e, ,h,a,t,e, ,h,a,t,e, ,h,a,t,e, ,h,a,t,e, ,h,a,t,e, ,h,a,t,e, ,h,a,t,e, ,h,a,t,e, ,h,a,t,e, ,h,a,t,e, ,h,a,t,e, ,h,a,t,e, ,h,a,t,e, ,h,a,t,e, ,h,a,t,e, ,h,a,t,e, ,h,a,t,e, ,x,x,x,x
y,o,u, ,l,o,o,k, ,l,i,k,e, ,a, ,f,a,t, ,a,s,s, ,n,i,g,g,a
i, ,h,a,t,e, ,w,h,e,n, ,p,e,o,p,l,e, ,h,a,t,e, ,h,a,t,e, ,h,a,t,e, ,h,a,t,e, ,h,a,t,e, ,h,a,t,e, ,h,a,t,e, ,h,a,t,e, ,h,a,t,e, ,h,a,t,e, ,h,a,t,e, ,h,a,t,e, ,h,a,t,e, ,h,a,t,e, ,h,a,t,e, ,h,a,t,e, ,h,a,t,e, ,h,a,t,e, ,h,a,t,e, ,h,a,t,e, ,h,a,t,e, ,h,a,t,e, ,h,a,t,e, ,h,a,t,e, ,h,a,t,e, ,h,a,t,e, ,h,a,t,e, ,h,a,t,e, ,h,a,t,e, ,h,a,t,e, ,t,h,e,m
r,t, ,i,f, ,n,i,g,g,a,s, ,d,o,n, ,',t, ,k,n,o,w, ,h,o,w, ,t,o, ,a,c,t, ,l,i,k,e, ,t,h,e,y, ,d,o,n, ,',t, ,k,n,o,w, ,h,o,w, ,t,o, ,a,c,t, ,l,i,k,e, ,t,h,e,y, ,d,o,n, ,',t, ,k,n,o,w, ,h,o,w, ,t,o, ,a,c,t, ,l,i,k,e, ,t,h,e,y, ,d,o,n, ,',t, ,k,n,o,w, ,w,h,a,t, ,t,h,e,y, ,d,o, ,.
r,t, ,r,t, ,n,i,g,g,a,s, ,d,o,n, ,',t, ,k,n,o,w, ,h,o,w, ,t,o, ,m,a,k,e, ,i,t, ,s,o,u,n,d, ,l,i,k,e, ,t,h,e,y, ,d,o,n, ,',t, ,k,n,o,w, ,h,o,w, ,t,o, ,h,a,n,d,l,e, ,i,t, ,.
w,e,l,l, ,i,f, ,i,t, ,w,a,s, ,a, ,g,a,y, ,g,a,y, ,g,a,y, ,g,a,y, ,g,a,y, ,g,a,y, ,g,a,y, ,g,a,y, ,g,a,y, ,g,a,y, ,g,a,y, ,g,a,y, ,g,a,y, ,g,a,y, ,g,a,y, ,g,a,y, ,g,a,y, ,g,a,y, ,g,a,y, ,g,a,y, ,g,a,y, ,g,a,y, ,g,a,y, ,g,a,y, ,g,a,y, ,g,a,y, ,g,a,y
r,t, ,r,t, ,r,t, ,r,t, ,n,i,g,g,a,s, ,d,o,n, ,',t, ,k,n,o,w, ,h,o,w, ,t,o, ,a,c,t, ,l,i,k,e, ,t,h,e,y, ,d,o,n, ,',t, ,k,n,o,w, ,.
h,a,t,e, ,h,a,t,e, ,h,a,t,e, ,h,a,t,e, ,h,a,t,e, ,h,a,t,e, ,h,a,t,e, ,h,a,t,e, ,h,a,t,e, ,h,a,t,e, ,h,a,t,e, ,h,a,t,e, ,h,a,t,e, ,h,a,t,e, ,h,a,t,e, ,h,a,t,e, ,h,a,t,e, ,h,a,t,e, ,h,a,t,e, ,h,a,t,e, ,h,a,t,e, ,h,a,t,e, ,h,a,t,e, ,h,a,t,e
h,a,t,e, ,h,a,t,e, ,h,a,t,e, ,h,a,t,e, ,h,a,t,e, ,h,a,t,e, ,h,a,t,e
i, ,m,i,s,s, ,y,o,u, ,t,o,o, ,n,i,g,g,a
r,t, ,n,i,g,g,a,s, ,d,o,n, ,',t, ,k,n,o,w, ,h,o,w, ,t,o, ,a,c,t, ,l,i,k,e, ,t,h,e,y, ,d,o,n, ,',t, ,g,i,v,e, ,a, ,f,u,c,k, ,., ,t,h,e,y, ,d,o,n, ,',t, ,k,n,o,w, ,w,h,a,t, ,t,o, ,d,o, ,.
n,o, ,",", ,i, ,w,a,s, ,b,o,r,n, ,i,n, ,<,n,u,m,b,e,r,>, ,., ,i, ,w,a,s, ,b,o,r,n, ,i,n, ,<,n,u,m,b,e,r,>, ,., ,i, ,w,a,s, ,b,o,r,n, ,i,n, ,<,n,u,m,b,e,r,>, ,.
i, ,',m, ,n,o,t, ,f,a,t, ,",", ,i, ,',m, ,n,o,t, ,f,a,t, ,., ,i, ,',m, ,n,o,t, ,f,a,t, ,",", ,i, ,',m, ,f,a,t, ,., ,i, ,',m, ,n,o,t, ,f,a,t, ,., ,i, ,',m, ,f,a,t, ,.
w,h,i,t,e, ,a,n,d, ,w,h,i,t,e, ,t,e,e, ,s,h,i,r,t, ,a,n,d, ,j,e,a,n,s
m,a,@,@, ,u, ,m,a,@,@, ,u, ,m,a,@,@, ,u, ,m,a,@,@, ,u, ,m,a,@,@, ,u, ,m,a,@,@, ,u, ,m,a,@,@, ,u, ,m,a,@,@, ,u, ,m,a,@,@, ,u, ,m,a,@,@, ,u, ,m,a,@,@, ,u, ,m,a,@,@, ,u, ,m,a,@,@, ,u, ,m,a,@,@, ,u, ,m,a,@,@, ,u, ,m,a,@,@, ,u, ,m,a,@,@, ,u, ,m,a,@,@, ,u, ,m,a,@,@, ,u, ,m,a,@,@, ,u, ,m,a,@,@, ,u, ,m,a,@,@, ,u, ,m,a,@,@, ,u, ,m,a,@,@, ,u, ,m,a,@,@, ,u, ,m,a,@,@, ,u, ,m,a,@,@, ,u, ,m,a,@,@, ,u, ,m,a,@,@, ,u, ,m,a,@,@, ,u
m,y, ,n,i,g,g,a
i, ,',m, ,n,o,t, ,f,a,t, ,., ,i, ,',m, ,n,o,t, ,f,a,t, ,., ,i, ,',m, ,n,o,t, ,f,a,t, ,., ,i, ,',m, ,f,a,t, ,.
y,o,u, ,l,o,o,k, ,l,i,k,e, ,a, ,n,i,g,g,a, ,l,o,l
i, ,d,o,n, ,',t, ,u,n,d,e,r,s,t,a,n,d, ,w,h,y, ,p,e,o,p,l,e, ,h,a,t,e, ,h,a,t,e, ,h,a,t,e, ,h,a,t,e, ,h,a,t,e, ,h,a,t,e, ,h,a,t,e, ,h,a,t,e, ,h,a,t,e, ,h,a,t,e, ,h,a,t,e, ,h,a,t,e, ,h,a,t,e, ,h,a,t,e, ,h,a,t,e, ,h,a,t,e, ,h,a,t,e, ,h,a,t,e, ,h,a,t,e, ,h,a,t,e, ,h,a,t,e, ,h,a,t,e, ,h,a,t,e, ,h,a,t,e, ,t,h,e,m
r,t, ,m,a,@,@, ,u, ,m,a,@,@, ,u, ,m,a,@,@, ,u, ,m,a,@,@, ,u, ,m,a,@,@, ,u, ,m,a,@,@, ,u, ,m,a,@,@, ,u, ,m,a,@,@, ,u, ,m,a,@,@, ,u, ,m,a,@,@, ,u, ,m,a,@,@, ,u, ,m,a,@,@, ,u, ,m,a,@,@, ,u, ,m,a,@,@, ,u, ,m,a,@,@, ,u, ,m,a,@,@, ,u, ,m,a,@,@, ,u, ,m,a,@,@, ,u, ,m,a,@,@, ,u, ,m,a,@,@, ,u, ,m,a,@,@, ,u, ,m,a,@,@, ,u, ,m,a,@,@, ,u, ,m,a,@,@, ,u, ,m,a,@,@, ,u, ,m,a,@,@, ,u, ,m,a,@,@, ,u, ,m,a,@,@, ,u, ,.
m,a,@,@, ,u, ,m,a,@,@, ,u, ,m,a,@,@, ,u, ,m,a,@,@, ,u, ,m,a,@,@, ,u, ,m,a,@,@, ,u, ,m,a,@,@, ,u, ,m,a,@,@, ,u, ,m,a,@,@, ,u, ,m,a,@,@, ,u, ,m,a,@,@, ,u, ,m,a,@,@, ,u, ,m,a,@,@, ,u, ,m,a,@,@, ,u, ,m,a,@,@, ,u, ,m,a,@,@, ,u, ,m,a,@,@, ,u, ,m,a,@,@, ,u, ,m,a,@,@, ,u, ,m,a,@,@, ,u, ,m,a,@,@, ,u, ,m,a,@,@, ,u, ,m,a,@,@, ,u, ,m,a,@,@, ,u, ,m,a,@,@, ,u, ,m,a,@,@, ,u, ,m,a,@,@, ,u, ,m,a,@,@, ,u, ,m,a,@,@, ,u, ,m,a,@,@, ,u, ,m,a,@,@, ,u, ,m,a,@,@, ,u
y,e,s, ,",", ,i,t, ,',s, ,a, ,c,o,u,n,t,r,y, ,c,o,u,n,t,r,y, ,., ,i,t, ,',s, ,a, ,c,o,u,n,t,r,y, ,c,o,u,n,t,r,y, ,.
r,t, ,i,t, ,',s, ,n,o,t, ,l,i,k,e, ,h,e, ,',s, ,g,a,y, ,",", ,h,e, ,',s, ,n,o,t, ,g,a,y, ,., ,h,e, ,',s, ,g,a,y, ,.
y,o,u, ,l,o,o,k, ,l,i,k,e, ,a, ,f,a,t, ,a,s,s
n,i,g,g,a, ,y,o,u, ,a,i,n, ,',t, ,e,v,e,n, ,k,n,o,w, ,w,h,a,t, ,i, ,',m, ,t,a,l,k,i,n,g, ,a,b,o,u,t
f,u,c,k, ,y,o,u, ,n,i,g,g,a
n,o,t,h,i,n,g, ,",", ,i, ,j,u,s,t, ,g,o,t, ,u,p, ,a,n,d, ,g,o,t, ,a, ,n,e,w, ,j,o,b, ,a,n,d, ,i, ,h,a,v,e, ,a, ,s,o,r,e, ,t,h,r,o,a,t, ,a,n,d, ,i, ,h,a,v,e, ,a, ,s,o,r,e, ,t,h,r,o,a,t, ,a,n,d, ,s,o,r,e, ,t,h,r,o,a,t, ,x,x
i, ,d,o,n, ,',t, ,h,a,t,e, ,h,a,t,e, ,h,a,t,e, ,h,a,t,e, ,h,a,t,e, ,h,a,t,e, ,h,a,t,e, ,h,a,t,e, ,h,a,t,e, ,h,a,t,e, ,h,a,t,e, ,h,a,t,e, ,h,a,t,e, ,h,a,t,e, ,h,a,t,e
i, ,',m, ,i,n, ,t,h,e, ,h,o,o,d, ,., ,i, ,',m, ,i,n, ,t,h,e, ,h,o,o,d
n,i,g,g,a, ,y,o,u, ,a,i,n, ,',t, ,g,o,t, ,n,o,t,h,i,n,g, ,t,o, ,d,o
n,i,g,g,a, ,y,o,u, ,k,n,o,w, ,w,h,a,t, ,i, ,',m, ,t,a,l,k,i,n,g, ,a,b,o,u,t, ,.
a, ,s,o,r,e, ,t,h,r,o,a,t, ,s,o,r,e, ,t,h,r,o,a,t
r,t, ,r,t, ,n,i,g,g,a,s, ,d,o,n, ,',t, ,k,n,o,w, ,w,h,a,t, ,t,h,e,y, ,w,a,n,t, ,., ,t,h,e,y, ,d,o,n, ,',t, ,d,e,s,e,r,v,e, ,i,t, ,., ,t,h,e,y, ,d,o,n, ,',t, ,d,e,s,e,r,v,e, ,i,t, ,., ,t,h,e,y, ,d,o,n, ,',t, ,d,e,s,e,r,v,e, ,i,t
n,o, ,n,i,g,g,a
i, ,h,a,v,e, ,a, ,s,o,r,e, ,t,h,r,o,a,t, ,a,n,d, ,a, ,s,o,r,e, ,t,h,r,o,a,t, ,a,n,d, ,s,o,r,e, ,t,h,r,o,a,t, ,s,o,r,e, ,t,h,r,o,a,t, ,a,n,d, ,s,o,r,e, ,t,h,r,o,a,t, ,s,o,r,e, ,t,h,r,o,a,t, ,a,n,d, ,s,o,r,e, ,t,h,r,o,a,t, ,s,o,r,e, ,t,h,r,o,a,t, ,x,x
w,e,l,l, ,y,o,u, ,',r,e, ,a, ,f,a,t,@,@, ,f,a,t,@,@, ,a,s,s, ,.
i,t, ,',s, ,n,o,t, ,l,i,k,e, ,h,e, ,',s, ,b,l,a,c,k, ,a,n,d, ,w,h,i,t,e, ,., ,h,e, ,',s, ,b,l,a,c,k, ,a,n,d, ,w,h,i,t,e, ,.
n,i,g,g,a, ,y,o,u, ,k,n,o,w, ,w,h,a,t, ,i, ,',m, ,t,a,l,k,i,n,g, ,a,b,o,u,t, ,.
l,o,l, ,i, ,',m, ,n,o,t, ,g,a,y, ,., ,i, ,',m, ,a, ,g,a,y, ,g,a,y, ,g,a,y, ,g,a,y, ,g,a,y, ,g,a,y, ,g,a,y, ,g,u,y, ,.
n,i,g,g,a, ,u, ,k,n,o, ,i, ,g,o,t, ,a, ,c,a,r
n,i,g,g,a, ,u, ,m,a,d, ,a,t, ,m,e, ,.
f,u,c,k, ,y,o,u, ,n,i,g,g,a
n,o, ,",", ,i, ,',m, ,n,o,t, ,w,h,i,t,e, ,., ,i, ,',m, ,n,o,t, ,b,l,a,c,k, ,a,n,d, ,w,h,i,t,e, ,",", ,w,h,i,t,e, ,",", ,b,l,a,c,k, ,a,n,d, ,w,h,i,t,e, ,.
y,e,a, ,i, ,',m, ,a, ,g,r,o,w,n, ,a,s,s, ,n,i,g,g,a, ,.
y,e,a,h, ,",", ,i, ,',m, ,g,o,o,d, ,t,h,a,n,k,s, ,",", ,j,u,s,t, ,g,o,t, ,b,a,c,k, ,f,r,o,m, ,a, ,s,o,r,e, ,t,h,r,o,a,t, ,",", ,s,o,r,e, ,t,h,r,o,a,t, ,",", ,s,o,r,e, ,t,h,r,o,a,t, ,",", ,s,o,r,e, ,t,h,r,o,a,t, ,",", ,s,o,r,e, ,t,h,r,o,a,t, ,",", ,s,o,r,e, ,t,h,r,o,a,t, ,",", ,s,o,r,e, ,s,o,r,e, ,t,h,r,o,a,t, ,x,x
i, ,d,o,n, ,',t, ,h,a,t,e, ,h,a,t,e, ,h,a,t,e, ,h,a,t,e, ,h,a,t,e, ,h,a,t,e, ,h,a,t,e, ,h,a,t,e, ,h,a,t,e, ,h,a,t,e, ,h,a,t,e, ,h,a,t,e, ,h,a,t,e, ,h,a,t,e, ,h,a,t,e, ,h,a,t,e, ,h,a,t,e, ,h,a,t,e, ,h,a,t,e, ,h,a,t,e, ,h,a,t,e, ,h,a,t,e, ,h,a,t,e, ,h,a,t,e, ,h,a,t,e, ,h,a,t,e, ,h,a,t,e
i, ,',m, ,i,n, ,t,h,e, ,h,o,o,d, ,., ,i, ,',m, ,i,n, ,t,h,e, ,h,o,o,d, ,.
i, ,k,n,o,w, ,",", ,i, ,h,a,t,e, ,i,t, ,w,h,e,n, ,p,e,o,p,l,e, ,h,a,t,e, ,h,a,t,e, ,h,a,t,e, ,h,a,t,e, ,h,a,t,e, ,h,a,t,e, ,h,a,t,e, ,h,a,t,e, ,h,a,t,e, ,h,a,t,e, ,h,a,t,e, ,h,a,t,e, ,h,a,t,e, ,h,a,t,e, ,h,a,t,e, ,h,a,t,e, ,h,a,t,e, ,h,a,t,e, ,h,a,t,e, ,h,a,t,e, ,t,h,e,m
n,i,g,g,a, ,y,o,u, ,g,a,y, ,a,s, ,h,e,l,l, ,.
r,t, ,r,t, ,n,i,g,g,a,s, ,d,o,n, ,',t, ,k,n,o,w, ,w,h,a,t, ,t,h,e,y, ,w,a,n,t, ,., ,t,h,e,y, ,d,o,n, ,',t, ,e,v,e,n, ,k,n,o,w, ,w,h,a,t, ,t,h,e,y, ,',r,e, ,t,a,l,k,i,n,g, ,a,b,o,u,t, ,.
i, ,h,a,v,e, ,a, ,s,o,r,e, ,t,h,r,o,a,t, ,a,n,d, ,a, ,s,o,r,e, ,t,h,r,o,a,t, ,., ,s,o,r,e, ,t,h,r,o,a,t, ,.
h,e, ,w,a,s, ,a, ,n,i,g,g,a
n,i,g,g,a, ,y,o,u, ,n,e,e,d, ,t,o, ,c,o,m,e, ,t,o, ,t,h,e, ,c,i,t,y
t,h,a,t, ,',s, ,w,h,y, ,i, ,h,a,t,e, ,h,e,r, ,., ,i, ,h,a,t,e, ,h,e,r, ,., ,i, ,h,a,t,e, ,h,e,r, ,., ,i, ,h,a,t,e, ,h,e,r, ,., ,i, ,h,a,t,e, ,h,e,r, ,., ,i, ,h,a,t,e, ,h,e,r, ,.
i, ,w,a,s, ,b,o,r,n, ,i,n, ,<,n,u,m,b,e,r,>, ,t,h, ,g,r,a,d,e, ,., ,i, ,w,a,s, ,b,o,r,n, ,i,n, ,<,n,u,m,b,e,r,>, ,.
n,i,g,g,a, ,y,o,u, ,k,n,o,w, ,w,h,a,t, ,i, ,',m, ,t,a,l,k,i,n,g, ,a,b,o,u,t, ,.
r,t, ,r,t, ,r,t, ,r,t, ,r,t, ,r,t, ,n,i,g,g,a,s, ,d,o,n, ,',t, ,k,n,o,w, ,w,h,a,t, ,t,h,e,y, ,w,a,n,t, ,., ,t,h,e,y, ,d,o,n, ,',t, ,k,n,o,w, ,w,h,a,t, ,t,h,e,y, ,w,a,n,t, ,.
w,e,l,l, ,",", ,i, ,w,a,s, ,b,o,r,n, ,o,n, ,t,h,e, ,<,n,u,m,b,e,r,>, ,t,h, ,o,f, ,m,a,r,c,h, ,., ,i, ,w,a,s, ,b,o,r,n, ,i,n, ,<,n,u,m,b,e,r,>, ,.
f,a,t,@,@, ,f,a,t,@,@, ,f,a,t,@,@, ,f,a,t,@,@, ,f,a,t,@,@, ,f,a,t,@,@, ,t,w,e,e,t
i, ,k,n,o,w, ,",", ,i, ,h,a,t,e, ,i,t, ,w,h,e,n, ,p,e,o,p,l,e, ,t,a,l,k, ,t,o, ,m,e, ,., ,i, ,h,a,t,e, ,i,t, ,w,h,e,n, ,p,e,o,p,l,e, ,t,a,l,k, ,a,b,o,u,t, ,i,t, ,., ,i, ,h,a,t,e, ,i,t, ,w,h,e,n, ,p,e,o,p,l,e, ,d,o, ,t,h,a,t, ,., ,x,x
r,t, ,r,t, ,r,t, ,n,i,g,g,a,s, ,d,o,n, ,',t, ,k,n,o,w, ,h,o,w, ,t,o, ,a,c,t, ,l,i,k,e, ,t,h,e,y, ,d,o,n, ,',t, ,k,n,o,w, ,h,o,w, ,t,o, ,h,a,n,d,l,e, ,i,t, ,.
i, ,h,a,t,e, ,i,t, ,w,h,e,n, ,p,p,l, ,d,o, ,t,h,a,t, ,., ,i, ,h,a,t,e, ,h,a,t,e, ,h,a,t,e, ,h,a,t,e, ,h,a,t,e, ,h,a,t,e, ,h,a,t,e, ,h,a,t,e, ,h,a,t,e, ,h,a,t,e, ,h,a,t,e, ,h,a,t,e, ,h,a,t,e, ,h,a,t,e, ,h,a,t,e, ,h,a,t,e, ,h,a,t,e, ,h,a,t,e, ,h,a,t,e
w,h,o,r,e
h,i, ,m,e,@,@, ,i, ,m,e,@,@, ,u, ,m,e,@,@, ,u, ,m,e,@,@, ,u, ,m,e,@,@, ,u, ,m,e,@,@, ,u, ,m,e,@,@, ,u, ,m,e,@,@, ,u, ,m,e,@,@, ,u, ,m,e,@,@, ,u, ,m,e,@,@, ,u, ,m,e,@,@, ,u, ,m,e,@,@, ,u, ,m,e,@,@, ,u, ,m,e,@,@, ,u, ,m,e,@,@, ,u, ,m,e,@,@, ,u, ,m,e,@,@, ,u, ,m,e,@,@, ,u, ,m,e,@,@, ,u, ,m,e,@,@, ,u, ,m,e,@,@, ,u, ,m,e,@,@, ,u, ,m,e,@,@, ,u, ,m,e,@,@, ,u, ,m,e,@,@, ,u, ,m,e,@,@, ,u, ,m,e,@,@, ,u, ,m,e,@,@, ,u, ,m,e,@,@, ,u, ,m,e,@,@, ,u, ,m,e,@,@, ,u, ,m,e,@,@, ,u, ,m,e,@,@, ,u, ,m,e,@,@, ,u, ,m,e,@,@, ,u, ,m,e,@,@, ,u, ,m,e,@,@, ,u, ,m,e,@,@, ,u
l,m,a,o,o,o,o, ,., ,s,t,f,u, ,., ,s,t,f,u, ,., ,i, ,n,e,e,d, ,t,o, ,k,n,o,w, ,w,h,a,t, ,s,h,e, ,i,s, ,., ,&, ,l,t, ,<,n,u,m,b,e,r,>
p,o,@,@, ,k,e,@,@, ,m,o,n, ,b,l,a,c,k, ,",", ,b,l,a,c,k, ,",", ,b,l,a,c,k, ,",", ,b,l,a,c,k, ,",", ,b,l,a,c,k, ,",", ,b,l,a,c,k, ,",", ,b,l,a,c,k, ,",", ,b,l,a,c,k, ,",", ,b,l,a,c,k, ,",", ,b,l,a,c,k, ,",", ,b,l,a,c,k, ,",", ,b,l,a,c,k, ,",", ,b,l,a,c,k, ,",", ,b,l,a,c,k, ,",", ,b,l,a,c,k, ,",", ,b,l,a,c,k, ,",", ,b,l,a,c,k, ,",", ,b,l,a,c,k, ,",", ,b,l,a,c,k, ,",", ,b,l,a,c,k, ,",", ,b,l,a,c,k, ,",", ,b,l,a,c,k, ,",", ,b,l,a,c,k, ,",", ,b,l,a,c,k, ,",", ,b,l,a,c,k, ,",", ,b,l,a,c,k, ,",", ,b,l,a,c,k, ,",", ,b,l,a,c,k, ,",", ,b,l,a,c,k, ,",", ,b,l,a,c,k, ,",", ,b,l,a,c,k, ,.
w,h,i,t,e, ,o,r, ,w,h,i,t,e, ,?
l,o,l, ,., ,y,o,u, ,',r,e, ,a, ,w,h,o,r,e, ,.
l,o,l, ,i, ,d,o,n,t, ,t,h,i,n,k, ,s,o, ,., ,b,u,t, ,i, ,t,h,i,n,k, ,h,e, ,',s, ,g,o,n,n,a, ,b,e, ,a, ,b,i,g, ,a,s,s, ,n,i,g,g,a, ,l,o,l
y,e,a,h, ,",", ,i, ,h,a,v,e, ,a, ,s,o,r,e, ,t,h,r,o,a,t, ,s,o,r,e, ,t,h,r,o,a,t, ,",", ,s,o,r,e, ,t,h,r,o,a,t, ,",", ,s,o,r,e, ,t,h,r,o,a,t, ,",", ,s,o,r,e, ,t,h,r,o,a,t, ,",", ,s,o,r,e, ,t,h,r,o,a,t, ,",", ,s,o,r,e, ,t,h,r,o,a,t, ,",", ,s,o,r,e, ,t,h,r,o,a,t, ,",", ,s,o,r,e, ,t,h,r,o,a,t, ,",", ,s,o,r,e, ,t,h,r,o,a,t, ,., ,s,o,r,e, ,t,h,r,o,a,t
y,e,a,h, ,",", ,i, ,w,a,s, ,b,o,r,n, ,i,n, ,t,h,e, ,m,i,d,d,l,e, ,o,f, ,t,h,e, ,y,e,a,r, ,., ,a,n,d, ,i, ,w,a,s, ,b,o,r,n, ,i,n, ,t,h,e, ,m,i,d,d,l,e, ,o,f, ,t,h,e, ,d,a,y, ,.
i, ,k,n,o,w, ,., ,i, ,h,a,t,e, ,h,e,r, ,., ,i, ,h,a,t,e, ,h,e,r, ,., ,i, ,h,a,t,e, ,h,e,r, ,., ,i, ,h,a,t,e, ,h,e,r, ,., ,i, ,h,a,t,e, ,h,e,r, ,.
n,i,g,g,a, ,y,o,u, ,k,n,o,w, ,w,h,a,t, ,i, ,',m, ,t,a,l,k,i,n,g, ,a,b,o,u,t, ,.
i, ,',m, ,b,l,a,c,k, ,a,n,d, ,b,l,a,c,k, ,a,n,d, ,b,l,a,c,k, ,a,n,d, ,b,l,a,c,k, ,a,n,d, ,b,l,a,c,k, ,a,n,d, ,b,l,a,c,k, ,.
y,o,u, ,a,r,e, ,a, ,w,h,o,r,e, ,.
n,i,g,g,a, ,y,o,u, ,a,i,n, ,',t, ,g,o,t, ,n,o,t,h,i,n,g, ,t,o, ,d,o, ,!, ,!
y,u,p, ,., ,s,h,e, ,',s, ,<,n,u,m,b,e,r,>, ,t,h, ,j,u,n,e, ,<,n,u,m,b,e,r,>, ,t,h, ,m,a,y, ,<,n,u,m,b,e,r,>, ,t,h, ,m,a,y, ,<,n,u,m,b,e,r,>, ,t,h, ,m,a,y, ,<,n,u,m,b,e,r,>, ,t,h, ,m,a,y, ,<,n,u,m,b,e,r,>, ,t,h, ,m,a,y, ,<,n,u,m,b,e,r,>, ,t,h, ,m,a,y, ,<,n,u,m,b,e,r,>, ,t,h, ,m,a,y, ,<,n,u,m,b,e,r,>, ,t,h, ,m,a,y, ,<,n,u,m,b,e,r,>, ,t,h, ,m,a,y, ,<,n,u,m,b,e,r,>, ,t,h, ,m,a,y, ,<,n,u,m,b,e,r,>, ,t,h, ,m,a,y, ,<,n,u,m,b,e,r,>, ,t,h, ,m,a,y, ,<,n,u,m,b,e,r,>, ,t,h, ,m,a,y, ,<,n,u,m,b,e,r,>, ,t,h, ,m,a,y, ,<,n,u,m,b,e,r,>, ,t,h, ,m,a,y, ,<,n,u,m,b,e,r,>, ,t,h, ,m,a,y, ,.
i,f, ,y,o,u, ,d,o,n, ,',t, ,h,a,v,e, ,a, ,g,a,y, ,g,a,y, ,g,a,y, ,g,a,y, ,g,a,y, ,g,a,y, ,g,a,y, ,g,a,y, ,g,a,y, ,g,a,y, ,g,a,y, ,g,a,y, ,g,a,y, ,g,a,y, ,g,a,y, ,g,a,y, ,g,a,y, ,g,a,y, ,g,a,y, ,g,a,y, ,g,a,y, ,g,a,y, ,g,a,y, ,g,a,y, ,g,a,y, ,g,a,y, ,g,a,y, ,g,a,y, ,g,a,y, ,g,a,y
r,t, ,t,h,e,r,e, ,',s, ,a, ,d,i,f,f,e,r,e,n,c,e, ,b,e,t,w,e,e,n, ,b,l,a,c,k, ,a,n,d, ,w,h,i,t,e, ,a,n,d, ,b,l,a,c,k, ,a,n,d, ,w,h,i,t,e, ,.
n,i,g,g,a, ,u, ,a,i,n, ,',t, ,g,o,t, ,i,t
i, ,d,o,n, ,',t, ,t,h,i,n,k, ,h,e, ,',s, ,g,a,y, ,",", ,b,u,t, ,h,e, ,',s, ,g,a,y, ,., ,h,e, ,',s, ,g,a,y, ,., ,h,e, ,',s, ,g,a,y, ,.
r,t, ,n,i,g,g,a,s, ,d,o,n, ,',t, ,k,n,o,w, ,h,o,w, ,t,o, ,a,c,t, ,l,i,k,e, ,t,h,e,y, ,d,o,n, ,',t, ,k,n,o,w, ,h,o,w, ,t,o, ,f,i,g,h,t, ,!, ,!, ,!
n,o, ,",", ,i, ,d,o,n, ,',t, ,k,n,o,w, ,w,h,a,t, ,y,o,u, ,',r,e, ,t,a,l,k,i,n,g, ,a,b,o,u,t, ,., ,i, ,',m, ,n,o,t, ,w,h,i,t,e, ,",", ,w,h,i,t,e, ,",", ,w,h,i,t,e, ,",", ,b,l,a,c,k, ,",", ,w,h,i,t,e, ,",", ,b,l,a,c,k, ,a,n,d, ,w,h,i,t,e, ,.
g,a,y, ,g,a,y, ,g,a,y, ,g,a,y, ,g,a,y, ,g,a,y, ,g,a,y, ,g,a,y, ,g,a,y, ,g,a,y
r,t, ,r,t, ,n,i,g,g,a,s, ,d,o,n, ,',t, ,k,n,o,w, ,h,o,w, ,t,o, ,d,o, ,i,t, ,",", ,t,h,e,y, ,a,i,n, ,',t, ,w,o,r,t,h, ,i,t, ,.
i, ,',m, ,g,o,o,d, ,t,h,a,n,k,s, ,",", ,j,u,s,t, ,g,o,t, ,b,a,c,k, ,f,r,o,m, ,a, ,b,i,t, ,s,o,r,e, ,t,h,r,o,a,t, ,",", ,s,o,r,e, ,t,h,r,o,a,t, ,",", ,s,o,r,e, ,t,h,r,o,a,t, ,",", ,s,o,r,e, ,t,h,r,o,a,t, ,",", ,s,o,r,e, ,t,h,r,o,a,t, ,x,x
n,i,g,g,a, ,y,o,u, ,',r,e, ,t,h,e, ,o,n,e, ,w,h,o, ,m,a,d,e, ,i,t, ,.
r,t, ,i, ,h,a,t,e, ,w,h,e,n, ,n,i,g,g,a,s, ,d,o,n, ,',t, ,l,i,k,e, ,t,h,e, ,l,a,k,e,r,s, ,., ,t,h,e,y, ,d,o,n, ,',t, ,e,v,e,n, ,k,n,o,w, ,w,h,o, ,t,h,e,y, ,a,r,e, ,.
n,i,g,g,a, ,u, ,g,o,t, ,t,h,e, ,s,a,m,e, ,p,r,o,b,l,e,m, ,b,r,o
r,t, ,i,f, ,y,o,u, ,',r,e, ,n,o,t, ,f,a,t, ,",", ,y,o,u, ,c,a,n, ,',t, ,b,e, ,f,a,t, ,., ,i,f, ,y,o,u, ,',r,e, ,n,o,t, ,f,a,t, ,",", ,y,o,u, ,c,a,n, ,',t, ,b,e, ,f,a,t, ,.
n,i,g,g,a, ,y,o,u, ,g,o,t,t,a, ,h,i,t, ,m,e, ,u,p
i, ,d,o,n, ,',t, ,h,a,t,e, ,h,a,t,e, ,h,a,t,e, ,h,a,t,e, ,h,a,t,e, ,h,a,t,e, ,h,a,t,e, ,.
r,t, ,i, ,h,a,t,e, ,w,h,e,n, ,p,e,o,p,l,e, ,h,a,t,e, ,h,a,t,e, ,h,a,t,e, ,h,a,t,e, ,h,a,t,e, ,h,a,t,e, ,h,a,t,e, ,h,a,t,e, ,h,a,t,e, ,h,a,t,e, ,h,a,t,e, ,h,a,t,e, ,h,a,t,e, ,h,a,t,e, ,h,a,t,e, ,h,a,t,e, ,h,a,t,e, ,h,a,t,e, ,h,a,t,e, ,h,a,t,e, ,h,a,t,e, ,h,a,t,e, ,h,a,t,e, ,h,a,t,e, ,h,a,t,e, ,h,a,t,e, ,h,a,t,e
*, ,l,a,u,g,h,s, ,*, ,n,o, ,",", ,s,h,e, ,',s, ,t,r,y,i,n,g, ,t,o, ,k,i,l,l, ,m,e, ,., ,s,h,e, ,',s, ,t,r,y,i,n,g, ,t,o, ,k,i,l,l, ,m,e, ,.
r,t, ,h,a,t,e, ,h,a,t,e, ,h,a,t,e, ,h,a,t,e, ,h,a,t,e, ,h,a,t,e, ,h,a,t,e, ,h,a,t,e, ,h,a,t,e, ,h,a,t,e, ,h,a,t,e, ,h,a,t,e, ,h,a,t,e, ,h,a,t,e, ,h,a,t,e, ,h,a,t,e, ,h,a,t,e, ,h,a,t,e, ,h,a,t,e
i, ,w,a,s, ,b,o,r,n, ,t,h,i,s, ,w,a,y, ,., ,i, ,w,a,s, ,b,o,r,n, ,t,h,i,s, ,w,a,y, ,., ,i, ,w,a,s, ,b,o,r,n, ,t,h,i,s, ,w,a,y, ,., ,i, ,w,a,s, ,b,o,r,n, ,t,h,i,s, ,w,a,y, ,.
n,i,g,g,a, ,y,o,u, ,a,i,n, ,',t, ,e,v,e,n, ,k,n,o,w, ,w,h,a,t, ,y,o,u, ,t,a,l,k,i,n,g, ,a,b,o,u,t, ,.
i,f, ,y,o,u, ,',r,e, ,n,o,t, ,f,a,t, ,",", ,y,o,u, ,',r,e, ,f,a,t, ,a,n,d, ,f,a,t, ,",", ,f,a,t, ,",", ,f,a,t, ,",", ,f,a,t, ,",", ,f,a,t, ,",", ,f,a,t, ,",", ,f,a,t, ,",", ,f,a,t, ,",", ,f,a,t, ,",", ,f,a,t, ,",", ,f,a,t, ,",", ,f,a,t, ,",", ,f,a,t, ,",", ,f,a,t, ,",", ,f,a,t, ,",", ,f,a,t, ,",", ,f,a,t, ,",", ,f,a,t, ,",", ,f,a,t, ,",", ,f,a,t, ,.
h,e, ,l,o,o,k, ,l,i,k,e, ,a, ,f,a,t, ,a,s,s, ,l,o,l
i, ,d,o,n, ,',t, ,h,a,t,e, ,h,a,t,e, ,h,a,t,e, ,h,a,t,e, ,h,a,t,e, ,h,a,t,e, ,h,a,t,e, ,h,a,t,e, ,h,a,t,e, ,h,a,t,e, ,h,a,t,e, ,h,a,t,e, ,h,a,t,e, ,h,a,t,e, ,h,a,t,e, ,h,a,t,e, ,h,a,t,e, ,h,a,t,e, ,h,a,t,e, ,h,a,t,e
r,t, ,i, ,h,a,t,e, ,w,h,e,n, ,n,i,g,g,a,s, ,s,a,y, ,n,i,g,g,a,s, ,d,o,n, ,',t, ,l,i,k,e, ,n,i,g,g,a,s, ,., ,n,i,g,g,a,s, ,d,o,n, ,',t, ,k,n,o,w, ,h,o,w, ,t,o, ,h,a,n,d,l,e, ,i,t, ,.
i, ,h,a,t,e, ,h,a,t,e, ,h,a,t,e, ,h,a,t,e, ,h,a,t,e, ,h,a,t,e, ,h,a,t,e, ,h,a,t,e, ,h,a,t,e, ,h,a,t,e, ,h,a,t,e, ,h,a,t,e, ,h,a,t,e, ,h,a,t,e, ,h,a,t,e, ,h,a,t,e, ,h,a,t,e, ,h,a,t,e, ,h,a,t,e, ,h,a,t,e, ,h,a,t,e, ,h,a,t,e, ,h,a,t,e, ,h,a,t,e, ,h,a,t,e, ,h,a,t,e, ,h,a,t,e, ,h,a,t,e
i, ,',m, ,n,o,t, ,f,a,t, ,., ,i, ,',m, ,n,o,t, ,f,a,t, ,., ,i, ,',m, ,n,o,t, ,f,a,t, ,., ,i, ,',m, ,n,o,t, ,f,a,t, ,., ,i, ,',m, ,n,o,t, ,f,a,t, ,.
i, ,m,i,s,s, ,y,o,u, ,t,o, ,n,i,g,g,a
t,h,e, ,n,e,i,g,h,@,@, ,b,o,r,@,@, ,h,o,o,d, ,n,e,i,g,h,@,@, ,b,o,r,@,@, ,h,o,o,d, ,n,e,i,g,h,@,@, ,b,o,r,@,@, ,h,o,o,d, ,.
l,o,l, ,!, ,i, ,',m, ,b,l,a,c,k, ,a,n,d, ,w,h,i,t,e, ,",", ,b,l,a,c,k, ,",", ,w,h,i,t,e, ,",", ,b,l,a,c,k, ,",", ,b,l,a,c,k, ,",", ,b,l,a,c,k, ,",", ,b,l,a,c,k, ,",", ,b,l,a,c,k, ,",", ,b,l,a,c,k, ,",", ,b,l,a,c,k, ,",", ,b,l,a,c,k, ,",", ,b,l,a,c,k, ,",", ,b,l,a,c,k, ,",", ,b,l,a,c,k, ,",", ,b,l,a,c,k, ,",", ,b,l,a,c,k, ,",", ,b,l,a,c,k, ,",", ,b,l,a,c,k, ,",", ,b,l,a,c,k, ,",", ,b,l,a,c,k, ,",", ,b,l,a,c,k, ,",", ,b,l,a,c,k, ,",", ,b,l,a,c,k, ,",", ,b,l,a,c,k, ,",", ,b,l,a,c,k, ,",", ,b,l,a,c,k, ,",", ,b,l,a,c,k, ,",", ,b,l,a,c,k, ,",", ,b,l,a,c,k, ,",", ,b,l,a,c,k, ,",", ,b,l,a,c,k, ,",", ,b,l,a,c,k, ,",", ,b,l,a,c,k, ,",", ,b,l,a,c,k, ,",", ,b,l,a,c,k, ,",", ,b,l,a,c,k, ,",", ,b,l,a,c,k, ,",", ,b,l,a,c,k, ,",", ,b,l,a,c,k, ,",", ,b,l,a,c,k, ,",", ,b,l,a,c,k, ,",", ,w,h,i,t,e, ,",", ,b,l,a,c,k, ,.
l,o,l, ,m,y, ,n,i,g,g,a
h,e, ,w,a,s, ,b,o,r,n, ,i,n, ,<,n,u,m,b,e,r,>, ,., ,h,e, ,w,a,s, ,b,o,r,n, ,i,n, ,<,n,u,m,b,e,r,>, ,., ,h,e, ,w,a,s, ,b,o,r,n, ,i,n, ,<,n,u,m,b,e,r,>, ,.
n,i,g,g,a, ,y,o,u, ,a,i,n, ,',t, ,c,a,l,l, ,m,e, ,n,i,g,g,a, ,.
h,e,l,l, ,y,e,a, ,n,i,g,g,a
i, ,h,a,t,e, ,h,a,t,e, ,h,a,t,e, ,h,a,t,e, ,h,a,t,e, ,h,a,t,e, ,h,a,t,e, ,h,a,t,e, ,h,a,t,e, ,h,a,t,e, ,h,a,t,e, ,h,a,t,e, ,h,a,t,e, ,h,a,t,e, ,h,a,t,e, ,h,a,t,e, ,h,a,t,e, ,h,a,t,e, ,h,a,t,e, ,h,a,t,e, ,h,a,t,e, ,h,a,t,e, ,h,a,t,e, ,h,a,t,e, ,h,a,t,e, ,h,a,t,e, ,h,a,t,e, ,h,a,t,e, ,h,a,t,e, ,h,a,t,e, ,h,a,t,e, ,h,a,t,e, ,h,a,t,e
b,l,a,c,k, ,&, ,b,l,a,c,k, ,&, ,w,h,i,t,e, ,., ,b,l,a,c,k, ,&, ,w,h,i,t,e, ,.
l,o,l, ,",", ,i, ,l,o,v,e, ,b,l,a,c,k, ,a,n,d, ,w,h,i,t,e, ,a,n,d, ,b,l,a,c,k, ,a,n,d, ,b,l,a,c,k, ,a,n,d, ,b,l,a,c,k, ,a,n,d, ,b,l,a,c,k, ,a,n,d, ,b,l,a,c,k, ,a,n,d, ,w,h,i,t,e
n,i,g,g,a, ,y,o,u, ,a,i,n, ,',t, ,g,o,t, ,n,o,t,h,i,n,g, ,t,o, ,d,o
n,i,g,g,a, ,y,o,u, ,a,i,n, ,',t, ,c,a,l,l, ,m,e, ,.
i, ,',m, ,i,n, ,t,h,e, ,h,o,o,d, ,., ,i, ,',m, ,i,n, ,t,h,e, ,h,o,o,d, ,.
n,i,g,g,a, ,y,o,u, ,k,n,o,w, ,w,h,a,t, ,i, ,',m, ,t,a,l,k,i,n,g, ,a,b,o,u,t, ,.
b,l,a,c,k, ,a,n,d, ,w,h,i,t,e, ,",", ,b,l,a,c,k, ,",", ,w,h,i,t,e, ,",", ,b,l,a,c,k, ,",", ,w,h,i,t,e, ,",", ,b,l,a,c,k, ,",", ,w,h,i,t,e, ,",", ,b,l,a,c,k, ,",", ,w,h,i,t,e, ,",", ,b,l,a,c,k, ,",", ,w,h,i,t,e, ,",", ,b,l,a,c,k, ,",", ,w,h,i,t,e, ,",", ,b,l,a,c,k, ,",", ,w,h,i,t,e, ,",", ,b,l,a,c,k, ,",", ,w,h,i,t,e, ,",", ,b,l,a,c,k, ,",", ,w,h,i,t,e, ,",", ,b,l,a,c,k, ,a,n,d, ,w,h,i,t,e, ,.
r,t, ,n,i,g,g,a,s, ,d,o,n, ,',t, ,k,n,o,w, ,w,h,a,t, ,t,h,e,y, ,',r,e, ,t,a,l,k,i,n,g, ,a,b,o,u,t, ,.
y,e,a,h, ,",", ,i, ,',m, ,n,o,t, ,f,a,t, ,., ,i, ,',m, ,n,o,t, ,f,a,t, ,., ,i, ,',m, ,n,o,t, ,f,a,t, ,., ,i, ,',m, ,n,o,t, ,f,a,t, ,., ,i, ,',m, ,n,o,t, ,f,a,t, ,., ,i, ,',m, ,n,o,t, ,f,a,t, ,., ,i, ,',m, ,f,a,t, ,.
n,a,w, ,i, ,d,o,n,t, ,t,h,i,n,k, ,n,i,g,g,a,s, ,c,a,n, ,b,e, ,t,h,e, ,b,e,s,t, ,t,e,a,m, ,i,n, ,t,h,e, ,l,e,a,g,u,e
n,i,g,g,a, ,y,o,u, ,n,e,e,d, ,t,o, ,h,i,t, ,m,e, ,u,p, ,.
t,h,a,t, ,',s, ,w,h,y, ,t,h,e,y, ,d,o,n, ,',t, ,h,a,t,e, ,t,h,e, ,h,a,t,e,r,s, ,., ,h,a,t,e,r,s, ,h,a,t,e, ,h,a,t,e, ,h,a,t,e, ,h,a,t,e, ,h,a,t,e, ,h,a,t,e, ,h,a,t,e, ,h,a,t,e, ,h,a,t,e, ,h,a,t,e, ,h,a,t,e, ,h,a,t,e, ,h,a,t,e, ,h,a,t,e, ,h,a,t,e, ,h,a,t,e, ,h,a,t,e, ,h,a,t,e, ,h,a,t,e, ,h,a,t,e, ,h,a,t,e, ,h,a,t,e, ,h,a,t,e, ,t,h,e,m, ,.
y,e,s, ,t,h,e,y, ,a,r,e, ,., ,b,u,t, ,t,h,e,y, ,',r,e, ,n,o,t, ,b,l,a,c,k, ,a,n,d, ,w,h,i,t,e, ,., ,t,h,e,y, ,',r,e, ,b,l,a,c,k, ,.
n,i,g,g,a, ,y,o,u, ,g,o,t, ,a, ,n,u,m,b,e,r, ,?
n,i,g,g,a, ,w,h,o, ,y,o,u, ,t,a,l,k,i,n, ,a,b,o,u,t, ,?
i, ,w,a,s, ,b,o,r,n, ,i,n, ,<,n,u,m,b,e,r,>, ,., ,i, ,w,a,s, ,b,o,r,n, ,i,n, ,<,n,u,m,b,e,r,>, ,.
b,l,a,c,k, ,",", ,w,h,i,t,e, ,",", ,b,l,a,c,k, ,",", ,w,h,i,t,e, ,",", ,b,l,a,c,k, ,",", ,w,h,i,t,e, ,",", ,b,l,a,c,k, ,",", ,w,h,i,t,e, ,",", ,b,l,a,c,k, ,",", ,w,h,i,t,e, ,",", ,b,l,a,c,k, ,",", ,w,h,i,t,e, ,",", ,b,l,a,c,k, ,",", ,w,h,i,t,e, ,",", ,b,l,a,c,k, ,",", ,w,h,i,t,e, ,",", ,b,l,a,c,k, ,",", ,w,h,i,t,e, ,",", ,b,l,a,c,k, ,",", ,w,h,i,t,e, ,",", ,b,l,a,c,k, ,",", ,w,h,i,t,e, ,",", ,b,l,a,c,k, ,",", ,w,h,i,t,e, ,",", ,b,l,a,c,k, ,",", ,w,h,i,t,e, ,",", ,b,l,a,c,k, ,",", ,w,h,i,t,e, ,",", ,b,l,a,c,k, ,",", ,w,h,i,t,e, ,",", ,b,l,a,c,k, ,",", ,w,h,i,t,e, ,",", ,b,l,a,c,k, ,",", ,w,h,i,t,e, ,",", ,b,l,a,c,k, ,&, ,w,h,i,t,e
n,i,g,g,a, ,y,o,u, ,a,i,n,t, ,g,o,t, ,n,o,t,h,i,n,g, ,t,o, ,d,o
i, ,',m, ,n,o,t, ,g,o,i,n,g, ,t,o, ,k,i,l,l, ,h,i,m, ,., ,i, ,',m, ,n,o,t, ,g,o,i,n,g, ,t,o, ,k,i,l,l, ,h,i,m, ,., ,i, ,d,o,n, ,',t, ,w,a,n,t, ,t,o, ,k,i,l,l, ,h,i,m, ,.
i, ,',m, ,n,o,t, ,b,l,a,c,k, ,a,n,d, ,w,h,i,t,e, ,b,u,t, ,i, ,',m, ,b,l,a,c,k, ,a,n,d, ,w,h,i,t,e, ,l,o,l
n,i,g,g,a, ,u, ,a,i,n, ,',t, ,g,o,t, ,a, ,c,h,a,n,c,e, ,t,o, ,d,o, ,t,h,a,t
f,a,t,@,@, ,f,a,t,@,@, ,f,a,t,@,@, ,f,a,t,@,@, ,f,a,t,@,@, ,t,w,e,e,t
i, ,',m, ,n,o,t, ,g,o,i,n,g, ,t,o, ,k,i,l,l, ,h,i,m, ,., ,i, ,',m, ,n,o,t, ,g,o,i,n,g, ,t,o, ,k,i,l,l, ,h,i,m, ,., ,i, ,d,o,n, ,',t, ,w,a,n,t, ,h,i,m, ,t,o, ,k,i,l,l, ,m,e, ,.
u,s,@,@, ,b, ,c,@,@, ,p,c, ,u,s,@,@, ,b, ,c,@,@, ,p,c, ,u,s,@,@, ,b, ,c,@,@, ,p,c, ,u,s,@,@, ,b, ,c,@,@, ,p,c, ,u,s,@,@, ,b, ,c,@,@, ,p,c, ,u,s,@,@, ,b, ,c,@,@, ,p,c, ,u,s,@,@, ,b, ,c,@,@, ,p,c, ,u,s,@,@, ,b, ,c,@,@, ,p,c, ,u,s,@,@, ,b, ,c,@,@, ,p,c, ,u,s,@,@, ,b, ,c,@,@, ,p,c, ,u,s,@,@, ,b, ,c,@,@, ,p,c, ,u,s,@,@, ,b, ,c,@,@, ,p,c, ,u,s,@,@, ,b, ,c,@,@, ,p,c, ,u,s,@,@, ,b
i, ,h,a,t,e, ,h,a,t,e, ,h,a,t,e, ,h,a,t,e, ,h,a,t,e, ,h,a,t,e, ,h,a,t,e, ,h,a,t,e, ,h,a,t,e, ,h,a,t,e, ,h,a,t,e, ,h,a,t,e, ,h,a,t,e, ,h,a,t,e, ,h,a,t,e, ,h,a,t,e, ,h,a,t,e, ,h,a,t,e, ,h,a,t,e, ,h,a,t,e, ,h,a,t,e, ,h,a,t,e, ,h,a,t,e, ,h,a,t,e, ,h,a,t,e, ,h,a,t,e, ,h,a,t,e, ,h,a,t,e, ,h,a,t,e, ,h,a,t,e
h,e, ,w,a,s, ,b,l,a,c,k, ,a,n,d, ,w,h,i,t,e, ,a,n,d, ,b,l,a,c,k, ,a,n,d, ,w,h,i,t,e, ,a,n,d, ,b,l,a,c,k, ,a,n,d, ,w,h,i,t,e, ,a,n,d, ,b,l,a,c,k, ,a,n,d, ,w,h,i,t,e, ,a,n,d, ,b,l,a,c,k, ,a,n,d, ,w,h,i,t,e, ,a,n,d, ,b,l,a,c,k, ,a,n,d, ,w,h,i,t,e, ,a,n,d, ,b,l,a,c,k, ,a,n,d, ,w,h,i,t,e, ,a,n,d, ,b,l,a,c,k, ,a,n,d, ,w,h,i,t,e, ,.
n,i,g,g,a, ,y,o,u, ,a,i,n, ,',t, ,g,o,t, ,n,o,t,h,i,n,g, ,t,o, ,d,o
y,e,a,h, ,",", ,b,u,t, ,h,e, ,',s, ,n,o,t, ,g,a,y, ,",", ,h,e, ,',s, ,g,a,y, ,",", ,h,e, ,',s, ,g,a,y, ,",", ,h,e, ,',s, ,g,a,y, ,",", ,h,e, ,',s, ,g,a,y, ,",", ,h,e, ,',s, ,g,a,y, ,",", ,h,e, ,',s, ,g,a,y, ,",", ,h,e, ,',s, ,g,a,y, ,",", ,h,e, ,',s, ,g,a,y
r,t, ,i, ,h,a,t,e, ,h,a,t,e, ,h,a,t,e, ,h,a,t,e, ,h,a,t,e, ,h,a,t,e, ,h,a,t,e, ,h,a,t,e, ,h,a,t,e, ,h,a,t,e, ,h,a,t,e, ,h,a,t,e, ,h,a,t,e, ,h,a,t,e, ,h,a,t,e, ,h,a,t,e, ,h,a,t,e, ,h,a,t,e, ,h,a,t,e, ,h,a,t,e, ,h,a,t,e, ,h,a,t,e, ,h,a,t,e, ,h,a,t,e, ,h,a,t,e, ,h,a,t,e, ,h,a,t,e, ,h,a,t,e, ,h,a,t,e
n,i,g,g,a, ,y,o,u, ,a,i,n, ,',t, ,g,o,t, ,n,o,t,h,i,n,g, ,t,o, ,d,o
n,i,g,g,a, ,y,o,u, ,n,e,e,d, ,t,o, ,s,m,o,k,e, ,w,e,e,d, ,l,o,l
h,e, ,',s, ,n,o,t, ,g,a,y, ,., ,h,e, ,',s, ,g,a,y, ,., ,h,e, ,',s, ,n,o,t, ,g,a,y, ,., ,h,e, ,',s, ,g,a,y, ,.
h,e, ,',s, ,n,o,t, ,g,a,y, ,., ,h,e, ,',s, ,g,a,y, ,., ,h,e, ,',s, ,g,a,y, ,., ,h,e, ,',s, ,g,a,y, ,.
n,i,g,g,a, ,y,o,u, ,k,n,o,w, ,w,h,a,t, ,i, ,',m, ,t,a,l,k,i,n,g, ,a,b,o,u,t, ,.
n,o, ,",", ,i, ,',m, ,n,o,t, ,g,a,y, ,., ,i, ,',m, ,n,o,t, ,g,a,y, ,",", ,b,u,t, ,i, ,',m, ,n,o,t, ,g,a,y, ,., ,i, ,',m, ,n,o,t, ,g,a,y, ,.
i, ,d,o,n, ,',t, ,h,a,t,e, ,h,e,r, ,., ,i, ,h,a,t,e, ,h,e,r, ,., ,i, ,h,a,t,e, ,h,e,r, ,., ,i, ,h,a,t,e, ,h,e,r, ,., ,i, ,h,a,t,e, ,h,e,r, ,., ,i, ,h,a,t,e, ,h,e,r, ,., ,i, ,h,a,t,e, ,h,e,r, ,.
f,u,c,k, ,",", ,f,u,c,k, ,y,o,u, ,",", ,i, ,f,u,c,k,i,n,g, ,h,a,t,e, ,y,o,u, ,., ,i, ,f,u,c,k,i,n,g, ,h,a,t,e, ,y,o,u, ,",", ,i, ,f,u,c,k,i,n,g, ,h,a,t,e, ,y,o,u, ,.
t,h,a,t, ,n,i,g,g,a, ,i,s, ,a, ,b,e,a,s,t, ,.
f,a,s,h,@,@, ,o, ,f,a,s,h,@,@, ,o, ,f,a,s,h,@,@, ,o, ,n,i,g,g,a
t,h,e, ,b,l,a,c,k, ,o,n,e,s, ,",", ,t,h,e, ,b,l,a,c,k, ,o,n,e,s, ,",", ,w,h,i,t,e, ,",", ,b,l,a,c,k, ,",", ,w,h,i,t,e, ,",", ,b,l,a,c,k, ,",", ,w,h,i,t,e, ,",", ,b,l,a,c,k, ,",", ,w,h,i,t,e, ,",", ,b,l,a,c,k, ,",", ,w,h,i,t,e, ,",", ,b,l,a,c,k, ,",", ,w,h,i,t,e, ,",", ,b,l,a,c,k, ,",", ,w,h,i,t,e, ,",", ,b,l,a,c,k, ,",", ,w,h,i,t,e, ,",", ,b,l,a,c,k, ,",", ,w,h,i,t,e, ,",", ,b,l,a,c,k, ,",", ,w,h,i,t,e, ,",", ,b,l,a,c,k, ,",", ,w,h,i,t,e, ,",", ,b,l,a,c,k, ,",", ,w,h,i,t,e, ,",", ,b,l,a,c,k, ,",", ,w,h,i,t,e, ,",", ,b,l,a,c,k, ,",", ,w,h,i,t,e, ,",", ,b,l,a,c,k, ,",", ,w,h,i,t,e, ,",", ,b,l,a,c,k, ,a,n,d, ,w,h,i,t,e, ,.
m,e, ,e,i,t,h,e,r, ,",", ,i, ,h,a,t,e, ,h,a,t,e, ,h,a,t,e, ,h,a,t,e, ,h,a,t,e, ,h,a,t,e, ,h,a,t,e, ,h,a,t,e, ,h,a,t,e, ,h,a,t,e, ,h,a,t,e, ,h,a,t,e, ,h,a,t,e, ,h,a,t,e, ,h,a,t,e, ,h,a,t,e, ,h,a,t,e, ,h,a,t,e
n,i,g,g,a, ,y,o,u, ,k,n,o,w, ,t,h,a,t, ,n,i,g,g,a
n,i,g,g,a, ,y,o,u, ,k,n,o,w, ,w,h,a,t, ,i, ,',m, ,t,a,l,k,i,n,g, ,a,b,o,u,t
c,u,z, ,u, ,l,o,o,k, ,l,i,k,e, ,a, ,n,i,g,g,a
d,@,@, ,u, ,d,@,@, ,u, ,d,@,@, ,u, ,d,@,@, ,u, ,d,@,@, ,u, ,d,@,@, ,u, ,d,@,@, ,u, ,d,@,@, ,u, ,d,@,@, ,u, ,d,@,@, ,u, ,d,@,@, ,u, ,d,@,@, ,u, ,d,@,@, ,u, ,d,@,@, ,u, ,d,@,@, ,u, ,d,@,@, ,u, ,d,@,@, ,u, ,d,@,@, ,u, ,d,@,@, ,u, ,d,@,@, ,u, ,d,@,@, ,u, ,d,@,@, ,u, ,d,@,@, ,u, ,d,@,@, ,u, ,d,@,@, ,u, ,d,@,@, ,u, ,d,@,@, ,u, ,d,@,@, ,u, ,d,@,@, ,u, ,d,@,@, ,u, ,.
n,i,g,g,a, ,y,o,u, ,a,i,n, ,',t, ,e,v,e,n, ,k,n,o,w, ,w,h,a,t, ,i,t, ,i,s, ,.
r,t, ,i,f, ,y,o,u, ,',r,e, ,a, ,f,a,t,@,@, ,a,s,s, ,",", ,y,o,u, ,',r,e, ,a, ,f,a,t,@,@, ,a,s,s, ,., ,&, ,g,t, ,&, ,g,t, ,&, ,g,t, ,&, ,g,t, ,&, ,g,t, ,&, ,g,t, ,&, ,g,t, ,&, ,g,t, ,&, ,g,t, ,&, ,g,t, ,&, ,g,t, ,&, ,g,t, ,&, ,g,t, ,&, ,g,t, ,&, ,g,t, ,&, ,g,t, ,&, ,g,t, ,&, ,g,t, ,&, ,g,t, ,&, ,g,t, ,&, ,g,t, ,&, ,g,t, ,&, ,g,t, ,&, ,g,t, ,&, ,g,t, ,&, ,g,t
i, ,',m, ,n,o,t, ,g,o,i,n,g, ,t,o, ,k,i,l,l, ,h,i,m, ,., ,i, ,',m, ,n,o,t, ,g,o,i,n,g, ,t,o, ,k,i,l,l, ,h,i,m, ,., ,i, ,d,o,n, ,',t, ,w,a,n,t, ,t,o, ,k,i,l,l, ,h,i,m, ,.
b,u,t, ,y,o,u, ,',r,e, ,n,o,t, ,f,a,t, ,., ,y,o,u, ,',r,e, ,n,o,t, ,f,a,t, ,., ,y,o,u, ,',r,e, ,n,o,t, ,f,a,t, ,., ,y,o,u, ,',r,e, ,n,o,t, ,f,a,t, ,., ,y,o,u, ,',r,e, ,n,o,t, ,f,a,t, ,.
r,t, ,i, ,h,a,t,e, ,w,h,e,n, ,n,i,g,g,a,s, ,d,o,n, ,',t, ,k,n,o,w, ,h,o,w, ,t,o, ,a,c,t, ,l,i,k,e, ,t,h,e,y, ,d,o,n, ,',t, ,k,n,o,w, ,h,o,w, ,t,o, ,a,c,t, ,.
i, ,w,a,s, ,b,o,r,n, ,i,n, ,<,n,u,m,b,e,r,>, ,a,n,d, ,i, ,w,a,s, ,b,o,r,n, ,i,n, ,<,n,u,m,b,e,r,>, ,., ,i, ,l,o,v,e, ,i,t, ,.
i, ,d,o,n, ,',t, ,u,n,d,e,r,s,t,a,n,d, ,w,h,y, ,p,e,o,p,l,e, ,h,a,t,e, ,h,a,t,e, ,h,a,t,e, ,h,a,t,e, ,h,a,t,e, ,h,a,t,e, ,h,a,t,e, ,h,a,t,e, ,h,a,t,e, ,h,a,t,e, ,h,a,t,e, ,h,a,t,e, ,h,a,t,e, ,h,a,t,e, ,h,a,t,e, ,h,a,t,e, ,h,a,t,e, ,h,a,t,e, ,h,a,t,e, ,h,a,t,e, ,h,a,t,e, ,h,a,t,e, ,h,a,t,e, ,h,a,t,e, ,h,a,t,e
r,t, ,n,i,g,g,a,s, ,a,i,n, ,',t, ,g,o,t, ,a, ,l,o,t, ,o,f, ,n,i,g,g,a,s, ,i,n, ,t,h,e, ,h,o,o,d, ,., ,&, ,g,t, ,&, ,g,t, ,&, ,g,t, ,&, ,g,t, ,&, ,g,t, ,&, ,g,t, ,&, ,g,t, ,&, ,g,t, ,&, ,g,t, ,&, ,g,t, ,&, ,g,t, ,&, ,g,t, ,&, ,g,t, ,<,a,t,>
i, ,d,o,n, ,',t, ,h,a,t,e, ,i,t, ,., ,i, ,h,a,t,e, ,h,a,t,e, ,h,a,t,e, ,h,a,t,e, ,h,a,t,e, ,h,a,t,e, ,h,a,t,e, ,h,a,t,e, ,h,a,t,e, ,h,a,t,e, ,h,a,t,e, ,h,a,t,e, ,h,a,t,e, ,h,a,t,e, ,h,a,t,e, ,., ,x,x
i, ,h,a,v,e, ,a, ,s,o,r,e, ,t,h,r,o,a,t, ,a,n,d, ,s,o,r,e, ,t,h,r,o,a,t, ,a,n,d, ,s,o,r,e, ,t,h,r,o,a,t, ,a,n,d, ,s,o,r,e, ,t,h,r,o,a,t, ,s,o,r,e, ,t,h,r,o,a,t, ,a,n,d, ,s,o,r,e, ,t,h,r,o,a,t, ,s,o,r,e, ,t,h,r,o,a,t, ,x,x
b,l,a,c,k, ,s,@,@, ,w,a,n, ,",", ,b,l,a,c,k, ,s,@,@, ,w,a,n, ,",", ,b,l,a,c,k, ,",", ,b,l,a,c,k, ,",", ,b,l,a,c,k, ,",", ,b,l,a,c,k, ,",", ,b,l,a,c,k, ,",", ,b,l,a,c,k, ,",", ,b,l,a,c,k, ,",", ,b,l,a,c,k, ,",", ,b,l,a,c,k, ,",", ,b,l,a,c,k, ,",", ,b,l,a,c,k, ,",", ,b,l,a,c,k, ,",", ,b,l,a,c,k, ,",", ,b,l,a,c,k, ,",", ,b,l,a,c,k, ,",", ,b,l,a,c,k, ,",", ,b,l,a,c,k, ,",", ,b,l,a,c,k, ,",", ,b,l,a,c,k, ,",", ,b,l,a,c,k, ,",", ,b,l,a,c,k, ,",", ,b,l,a,c,k, ,",", ,b,l,a,c,k, ,",", ,b,l,a,c,k, ,",", ,b,l,a,c,k, ,",", ,b,l,a,c,k, ,",", ,b,l,a,c,k, ,",", ,b,l,a,c,k, ,",", ,b,l,a,c,k, ,",", ,b,l,a,c,k, ,",", ,b,l,a,c,k, ,",", ,b,l,a,c,k, ,",", ,b,l,a,c,k, ,",", ,b,l,a,c,k, ,",", ,b,l,a,c,k, ,",", ,b,l,a,c,k, ,",", ,b,l,a,c,k, ,",", ,b,l,a,c,k, ,.
r,t, ,n,i,g,g,a,s, ,n,i,g,g,a,s, ,d,o,n, ,',t, ,k,n,o,w, ,h,o,w, ,t,o, ,a,c,t, ,l,i,k,e, ,t,h,e,y, ,d,o,n, ,',t, ,c,a,r,e, ,., ,t,h,e,y, ,d,o,n, ,',t, ,k,n,o,w, ,w,h,o, ,t,h,e,y, ,a,r,e, ,., ,t,h,e,y, ,d,o,n, ,',t, ,k,n,o,w, ,w,h,o, ,t,h,e,y, ,a,r,e, ,.
w,e,l,l, ,i, ,d,o,n, ,',t, ,l,i,k,e, ,i,t, ,",", ,b,u,t, ,i, ,',m, ,b,l,a,c,k, ,a,n,d, ,b,l,a,c,k, ,a,n,d, ,b,l,a,c,k, ,a,n,d, ,p,i,n,k, ,a,n,d, ,b,l,a,c,k, ,a,n,d, ,b,l,a,c,k, ,a,n,d, ,w,h,i,t,e, ,",", ,p,i,n,k, ,",", ,p,u,r,p,l,e, ,",", ,b,l,a,c,k, ,",", ,b,l,a,c,k, ,",", ,b,l,a,c,k, ,",", ,b,l,a,c,k, ,",", ,b,l,a,c,k, ,",", ,b,l,a,c,k, ,",", ,b,l,a,c,k, ,",", ,b,l,a,c,k, ,",", ,b,l,a,c,k, ,",", ,b,l,a,c,k, ,a,n,d, ,y,e,l,l,o,w
d,a,@,@, ,d,a,@,@, ,d,a,@,@, ,d,a,@,@, ,d,a,@,@, ,d,a,@,@, ,d,a,@,@, ,d,a,@,@, ,d,a,@,@, ,d,a,@,@, ,d,a,@,@, ,d,a,@,@, ,d,a,@,@, ,d,a,@,@, ,d,a,@,@, ,d,a,@,@, ,d,a,@,@, ,d,a,@,@, ,d,a,@,@, ,d,a,@,@, ,d,a,@,@, ,d,a,@,@, ,d,a,@,@, ,d,a,@,@, ,d,a,@,@, ,d,a,@,@, ,d,a,@,@, ,d,a,@,@, ,d,a,@,@, ,d,a,@,@, ,d,a,@,@, ,d,a,@,@, ,d,a,@,@, ,d,a,@,@, ,d,a,@,@, ,d,a,@,@, ,d,a,@,@, ,d,a,@,@, ,d,a,@,@, ,d,a,@,@, ,d,a,@,@, ,d,a,@,@, ,d,a,@,@, ,d,a,@,@, ,d,a,@,@, ,d,a,@,@, ,d,a,@,@, ,d,a,@,@, ,d,a,@,@, ,d,a,@,@, ,d,a,@,@, ,d,a,@,@, ,d,a,@,@, ,d,a,@,@, ,d,a,@,@, ,d,a,@,@, ,d,a,@,@, ,d,a,@,@, ,d,a,@,@, ,d,a,@,@, ,d,a,@,@, ,d,a,@,@, ,d,a,@,@, ,d,a,@,@, ,d,a,@,@, ,d,a,@,@, ,d,a,@,@, ,d,a,@,@, ,d,a,@,@, ,d,a,@,@, ,d,a,@,@, ,d,a,@,@, ,d,a,@,@, ,d,a,@,@, ,d,a,@,@, ,d,a,@,@, ,d,a,@,@, ,d,a,@,@, ,d,a,@,@, ,d,a,@,@, ,d,a,@,@, ,d,a,@,@, ,d,a,@,@, ,d,a,@,@, ,d,a,@,@, ,d,a,@,@, ,d,a,@,@, ,d,a,@,@, ,d,a,@,@, ,d,a,@,@, ,d,a,@,@, ,d,a,@,@, ,d,a,@,@, ,d,a,@,@, ,d,a,@,@, ,d,a,@,@, ,d,a,@,@, ,d,a,@,@
d,o,n, ,',t, ,w,o,r,r,y, ,a,b,o,u,t, ,i,t, ,",", ,i, ,',v,e, ,g,o,t, ,a, ,l,o,t, ,o,f, ,p,a,i,n, ,i,n, ,m,y, ,h,e,a,d, ,., ,i, ,h,a,v,e, ,a, ,s,o,r,e, ,t,h,r,o,a,t, ,a,n,d, ,a, ,s,o,r,e, ,t,h,r,o,a,t, ,a,n,d, ,a, ,s,o,r,e, ,t,h,r,o,a,t, ,a,n,d, ,a, ,s,o,r,e, ,t,h,r,o,a,t, ,.
y,o,u, ,l,o,o,k, ,l,i,k,e, ,y,o,u, ,',r,e, ,a, ,d,a,r,k, ,s,k,i,n,@,@, ,n,e,d, ,n,i,g,g,a
r,t, ,i,f, ,y,o,u, ,',r,e, ,b,l,a,c,k, ,",", ,w,h,i,t,e, ,",", ,b,l,a,c,k, ,",", ,w,h,i,t,e, ,",", ,b,l,a,c,k, ,",", ,w,h,i,t,e, ,",", ,b,l,a,c,k, ,",", ,w,h,i,t,e, ,",", ,b,l,a,c,k, ,",", ,w,h,i,t,e, ,",", ,b,l,a,c,k, ,",", ,w,h,i,t,e, ,",", ,b,l,a,c,k, ,",", ,w,h,i,t,e, ,",", ,b,l,a,c,k, ,",", ,w,h,i,t,e, ,",", ,b,l,a,c,k, ,",", ,w,h,i,t,e, ,",", ,b,l,a,c,k, ,",", ,w,h,i,t,e, ,",", ,b,l,a,c,k, ,",", ,w,h,i,t,e, ,",", ,b,l,a,c,k, ,",", ,w,h,i,t,e, ,",", ,b,l,a,c,k, ,",", ,w,h,i,t,e, ,",", ,b,l,a,c,k, ,",", ,w,h,i,t,e, ,",", ,b,l,a,c,k, ,",", ,w,h,i,t,e, ,",", ,b,l,a,c,k, ,",", ,w,h,i,t,e, ,",", ,b,l,a,c,k, ,",", ,w,h,i,t,e, ,",", ,b,l,a,c,k, ,",", ,w,h,i,t,e, ,",", ,b,l,a,c,k, ,",", ,w,h,i,t,e, ,",", ,b,l,a,c,k, ,",", ,w,h,i,t,e, ,",", ,b,l,a,c,k, ,",", ,w,h,i,t,e, ,",", ,b,l,a,c,k, ,",", ,w,h,i,t,e, ,",", ,b,l,a,c,k, ,.
w,h,o,r,e, ,!
i, ,h,a,v,e, ,a, ,g,a,y, ,g,a,y, ,g,a,y, ,g,a,y, ,g,a,y, ,g,a,y, ,g,a,y, ,g,a,y, ,g,a,y, ,g,a,y, ,g,a,y, ,g,a,y, ,g,a,y, ,g,a,y, ,g,a,y, ,g,a,y, ,g,a,y, ,g,a,y, ,g,a,y, ,g,a,y, ,g,a,y, ,g,a,y, ,g,a,y, ,g,a,y, ,g,a,y, ,g,a,y, ,g,a,y, ,g,a,y, ,g,a,y, ,g,a,y, ,g,a,y, ,g,a,y, ,g,a,y, ,g,a,y, ,g,a,y, ,g,a,y, ,g,a,y, ,g,a,y, ,g,a,y, ,g,a,y, ,g,a,y, ,g,a,y, ,g,a,y, ,g,a,y, ,g,a,y
i, ,d,o,n, ,',t, ,h,a,t,e, ,s,e,l,e,n,a, ,., ,i, ,d,o,n, ,',t, ,h,a,t,e, ,s,e,l,e,n,a, ,., ,i, ,d,o,n, ,',t, ,h,a,t,e, ,s,e,l,e,n,a, ,., ,i, ,d,o,n, ,',t, ,h,a,t,e, ,s,e,l,e,n,a, ,., ,i, ,d,o,n, ,',t, ,h,a,t,e, ,s,e,l,e,n,a, ,., ,i, ,h,a,t,e, ,h,e,r, ,., ,i, ,h,a,t,e, ,h,e,r, ,.
w,h,e,r,e, ,y,o,u, ,a,t, ,n,i,g,g,a, ,?
y,e,a,h, ,",", ,i, ,h,a,t,e, ,i,t, ,w,h,e,n, ,p,e,o,p,l,e, ,h,a,t,e, ,h,a,t,e, ,h,a,t,e, ,h,a,t,e, ,h,a,t,e, ,h,a,t,e, ,h,a,t,e, ,h,a,t,e, ,h,a,t,e, ,h,a,t,e, ,h,a,t,e, ,h,a,t,e, ,h,a,t,e, ,h,a,t,e, ,h,a,t,e, ,h,a,t,e, ,h,a,t,e, ,h,a,t,e, ,h,a,t,e, ,h,a,t,e, ,h,a,t,e, ,h,a,t,e, ,h,a,t,e, ,h,a,t,e, ,h,a,t,e, ,h,a,t,e, ,h,a,t,e, ,h,a,t,e, ,h,a,t,e, ,.
i, ,d,o,n, ,',t, ,u,n,d,e,r,s,t,a,n,d, ,w,h,y, ,y,o,u, ,h,a,t,e, ,h,a,t,e, ,h,a,t,e, ,h,a,t,e, ,h,a,t,e, ,h,a,t,e, ,h,a,t,e, ,h,a,t,e, ,h,a,t,e, ,h,a,t,e, ,h,a,t,e, ,h,a,t,e, ,h,a,t,e, ,h,a,t,e, ,h,a,t,e, ,h,a,t,e, ,h,a,t,e, ,h,a,t,e, ,h,a,t,e, ,h,a,t,e, ,h,a,t,e, ,h,a,t,e
i, ,k,n,o,w, ,., ,i, ,h,a,t,e, ,h,e,r, ,., ,i, ,h,a,t,e, ,h,e,r, ,., ,i, ,h,a,t,e, ,h,e,r, ,., ,i, ,h,a,t,e, ,h,e,r, ,., ,i, ,h,a,t,e, ,h,e,r, ,., ,i, ,h,a,t,e, ,h,e,r, ,.
a,n,d, ,y,e,l,l,o,w, ,",", ,y,e,l,l,o,w, ,",", ,y,e,l,l,o,w, ,",", ,y,e,l,l,o,w, ,",", ,y,e,l,l,o,w, ,",", ,y,e,l,l,o,w, ,",", ,y,e,l,l,o,w, ,",", ,y,e,l,l,o,w, ,",", ,y,e,l,l,o,w, ,",", ,y,e,l,l,o,w, ,",", ,w,h,i,t,e, ,",", ,w,h,i,t,e, ,",", ,w,h,i,t,e, ,",", ,w,h,i,t,e, ,",", ,w,h,i,t,e, ,",", ,w,h,i,t,e, ,",", ,w,h,i,t,e, ,",", ,w,h,i,t,e, ,",", ,w,h,i,t,e, ,",", ,w,h,i,t,e, ,",", ,w,h,i,t,e, ,",", ,w,h,i,t,e, ,",", ,w,h,i,t,e, ,",", ,w,h,i,t,e, ,",", ,w,h,i,t,e, ,",", ,w,h,i,t,e, ,",", ,w,h,i,t,e, ,",", ,w,h,i,t,e, ,",", ,w,h,i,t,e, ,",", ,w,h,i,t,e, ,",", ,w,h,i,t,e, ,",", ,w,h,i,t,e, ,",", ,w,h,i,t,e, ,",", ,w,h,i,t,e, ,",", ,w,h,i,t,e, ,",", ,w,h,i,t,e, ,.
w,a,@,@, ,d,d,@,@, ,u,p, ,n,i,g,g,a
n,i,g,g,a, ,y,o,u, ,a,i,n, ,',t, ,s,h,i,t, ,n,i,g,g,a
b,l,a,c,k, ,c,o,@,@, ,l,l,@,@, ,a,r, ,b,l,a,c,k, ,a,n,d, ,b,l,a,c,k, ,a,n,d, ,b,l,a,c,k, ,a,n,d, ,w,h,i,t,e, ,.
n,i,g,g,a, ,y,o,u, ,k,n,o,w, ,w,h,a,t, ,i, ,',m, ,t,a,l,k,i,n,g, ,a,b,o,u,t
w,h,e,r,e, ,y,o,u, ,a,t, ,n,i,g,g,a, ,?
i,@,@, ,y,@,@, ,a,a,a, ,",", ,m,a,@,@, ,u, ,m,a,@,@, ,u, ,m,a,@,@, ,u, ,m,a,@,@, ,u, ,m,a,@,@, ,u, ,m,a,@,@, ,u, ,m,a,@,@, ,u, ,m,a,@,@, ,u, ,m,a,@,@, ,u, ,m,a,@,@, ,u, ,m,a,@,@, ,u, ,m,a,@,@, ,u, ,m,a,@,@, ,u, ,m,a,@,@, ,u, ,m,a,@,@, ,u, ,m,a,@,@, ,u, ,m,a,@,@, ,u, ,m,a,@,@, ,u, ,m,a,@,@, ,u, ,m,a,@,@, ,u, ,m,a,@,@, ,u, ,m,a,@,@, ,u, ,m,a,@,@, ,u, ,m,a,@,@, ,u, ,m,a,@,@, ,u, ,m,a,@,@, ,u, ,m,a,@,@, ,u, ,m,a,@,@, ,u, ,m,a,@,@, ,u, ,m,a,@,@, ,u, ,m,a,@,@, ,u, ,m,a,@,@, ,u, ,m,a,@,@, ,u, ,m,a,@,@, ,u, ,m,a,@,@, ,u
i,t, ,s,u,c,k,s, ,",", ,i, ,h,a,t,e, ,s,c,h,o,o,l, ,",", ,i, ,h,a,t,e, ,s,c,h,o,o,l, ,",", ,i, ,h,a,t,e, ,s,c,h,o,o,l, ,",", ,i, ,h,a,t,e, ,s,c,h,o,o,l, ,",", ,i, ,h,a,t,e, ,s,c,h,o,o,l, ,",", ,i, ,h,a,t,e, ,s,c,h,o,o,l, ,!, ,!
i, ,w,a,s, ,b,o,r,n, ,t,o, ,b,e, ,b,o,r,n, ,t,h,i,s, ,w,a,y, ,.
f,u,c,k, ,y,o,u, ,n,i,g,g,a
i,f, ,y,o,u, ,d,o,n, ,',t, ,w,a,n,t, ,m,e, ,t,o, ,k,i,l,l, ,y,o,u, ,",", ,i, ,',l,l, ,k,i,l,l, ,y,o,u, ,.
f,a,t,@,@, ,f,a,t,@,@, ,f,a,t,@,@, ,t,w,e,e,t
l,o,l, ,i, ,',m, ,n,o,t, ,w,h,i,t,e, ,., ,i, ,',m, ,b,l,a,c,k, ,a,n,d, ,w,h,i,t,e, ,.
b,l,u,e, ,",", ,w,h,i,t,e, ,",", ,b,l,u,e, ,",", ,w,h,i,t,e, ,",", ,w,h,i,t,e, ,",", ,w,h,i,t,e, ,",", ,w,h,i,t,e, ,",", ,w,h,i,t,e, ,",", ,w,h,i,t,e, ,",", ,w,h,i,t,e, ,",", ,w,h,i,t,e, ,",", ,w,h,i,t,e, ,",", ,w,h,i,t,e, ,",", ,w,h,i,t,e, ,",", ,w,h,i,t,e, ,",", ,w,h,i,t,e, ,",", ,w,h,i,t,e, ,",", ,b,l,a,c,k, ,",", ,w,h,i,t,e, ,",", ,b,l,a,c,k, ,",", ,w,h,i,t,e, ,",", ,b,l,a,c,k, ,",", ,w,h,i,t,e, ,",", ,b,l,a,c,k, ,",", ,w,h,i,t,e, ,",", ,b,l,a,c,k, ,",", ,w,h,i,t,e, ,",", ,b,l,a,c,k, ,",", ,w,h,i,t,e, ,",", ,b,l,a,c,k, ,",", ,w,h,i,t,e, ,",", ,b,l,a,c,k, ,",", ,w,h,i,t,e, ,",", ,b,l,a,c,k, ,",", ,w,h,i,t,e, ,",", ,b,l,a,c,k, ,",", ,w,h,i,t,e, ,",", ,b,l,a,c,k, ,",", ,w,h,i,t,e, ,",", ,b,l,a,c,k, ,",", ,w,h,i,t,e, ,",", ,b,l,a,c,k, ,",", ,w,h,i,t,e, ,",", ,b,l,a,c,k, ,",", ,w,h,i,t,e, ,",", ,b,l,a,c,k, ,",", ,w,h,i,t,e, ,",", ,b,l,a,c,k, ,",", ,w,h,i,t,e, ,","
r,t, ,h,a,t,e,r,s, ,h,a,t,e, ,h,a,t,e, ,h,a,t,e, ,h,a,t,e, ,h,a,t,e, ,h,a,t,e, ,h,a,t,e, ,h,a,t,e, ,h,a,t,e, ,h,a,t,e, ,h,a,t,e, ,h,a,t,e, ,h,a,t,e, ,h,a,t,e, ,h,a,t,e, ,h,a,t,e, ,h,a,t,e, ,h,a,t,e, ,h,a,t,e, ,h,a,t,e, ,h,a,t,e, ,h,a,t,e, ,h,a,t,e, ,h,a,t,e, ,h,a,t,e, ,h,a,t,e, ,h,a,t,e,r,s, ,.
b,l,u,e, ,a,n,d, ,w,h,i,t,e, ,",", ,w,h,i,t,e, ,",", ,w,h,i,t,e, ,",", ,w,h,i,t,e, ,",", ,w,h,i,t,e, ,",", ,w,h,i,t,e, ,",", ,w,h,i,t,e, ,",", ,w,h,i,t,e, ,",", ,w,h,i,t,e, ,",", ,w,h,i,t,e, ,",", ,w,h,i,t,e, ,",", ,b,l,a,c,k, ,a,n,d, ,w,h,i,t,e, ,.
r,t, ,n,i,g,g,a,s, ,n,i,g,g,a,s, ,d,o,n, ,',t, ,k,n,o,w, ,w,h,a,t, ,t,h,e,y, ,l,o,o,k, ,l,i,k,e, ,., ,&, ,g,t, ,&, ,g,t, ,&, ,g,t, ,&, ,g,t, ,&, ,g,t, ,&, ,g,t, ,&, ,g,t, ,&, ,g,t, ,&, ,g,t, ,&, ,g,t, ,&, ,g,t, ,&, ,g,t, ,&, ,g,t, ,&, ,g,t, ,&, ,g,t, ,&, ,g,t, ,&, ,g,t, ,&, ,g,t, ,&, ,g,t, ,&, ,g,t, ,&, ,g,t, ,&, ,g,t, ,<,a,t,>
t,h,a,t, ,n,i,g,g,a, ,w,a,s, ,f,u,n,n,y, ,a,f
r,t, ,r,t, ,r,t, ,n,i,g,g,a,s, ,d,o,n, ,',t, ,k,n,o,w, ,w,h,a,t, ,t,h,e,y, ,w,a,n,t, ,., ,t,h,e,y, ,d,o,n, ,',t, ,k,n,o,w, ,w,h,a,t, ,t,h,e,y, ,w,a,n,t, ,., ,t,h,e,y, ,d,o,n, ,',t, ,d,e,s,e,r,v,e, ,i,t, ,.
l,m,a,o, ,f,u,c,k, ,y,o,u, ,b,u,m, ,a,s,s, ,n,i,g,g,a
e,x,a,c,t,l,y, ,., ,i, ,h,a,t,e, ,h,a,t,e, ,h,a,t,e, ,h,a,t,e, ,h,a,t,e, ,h,a,t,e, ,h,a,t,e, ,h,a,t,e, ,h,a,t,e, ,h,a,t,e, ,h,a,t,e, ,h,a,t,e, ,h,a,t,e, ,h,a,t,e, ,h,a,t,e, ,h,a,t,e, ,h,a,t,e, ,h,a,t,e, ,h,a,t,e, ,h,a,t,e, ,h,a,t,e, ,h,a,t,e, ,h,a,t,e, ,h,a,t,e, ,h,a,t,e, ,h,a,t,e, ,h,a,t,e, ,.
o,h, ,., ,y,o,u, ,',r,e, ,n,o,t, ,f,a,t, ,., ,y,o,u, ,',r,e, ,n,o,t, ,f,a,t, ,., ,y,o,u, ,',r,e, ,n,o,t, ,f,a,t, ,., ,y,o,u, ,',r,e, ,n,o,t, ,f,a,t, ,., ,y,o,u, ,',r,e, ,n,o,t, ,f,a,t, ,.
n,i,g,g,a, ,i, ,g,o,t, ,y,o,u
i, ,h,a,t,e, ,h,a,t,e, ,h,a,t,e, ,h,a,t,e, ,h,a,t,e, ,h,a,t,e, ,h,a,t,e, ,h,a,t,e, ,h,a,t,e, ,h,a,t,e, ,h,a,t,e, ,h,a,t,e, ,h,a,t,e, ,h,a,t,e, ,h,a,t,e, ,h,a,t,e, ,h,a,t,e, ,h,a,t,e, ,h,a,t,e, ,h,a,t,e, ,h,a,t,e, ,h,a,t,e, ,h,a,t,e, ,.
r,t, ,r,t, ,n,i,g,g,a,s, ,d,o,n, ,',t, ,k,n,o,w, ,w,h,a,t, ,t,h,e,y, ,w,a,n,t, ,., ,t,h,e,y, ,d,o,n, ,',t, ,w,a,n,t, ,t,o, ,h,e,a,r, ,i,t, ,.
i, ,d,o,n, ,',t, ,u,n,d,e,r,s,t,a,n,d, ,w,h,y, ,p,e,o,p,l,e, ,h,a,t,e, ,h,a,t,e, ,h,a,t,e, ,h,a,t,e, ,h,a,t,e, ,h,a,t,e, ,h,a,t,e, ,h,a,t,e, ,h,a,t,e, ,h,a,t,e, ,h,a,t,e, ,h,a,t,e, ,h,a,t,e, ,h,a,t,e, ,h,a,t,e
i, ,h,a,t,e, ,i,t, ,t,o,o, ,., ,i, ,h,a,t,e, ,i,t, ,., ,i, ,h,a,t,e, ,i,t, ,w,h,e,n, ,p,e,o,p,l,e, ,d,o, ,t,h,a,t, ,., ,i, ,h,a,t,e, ,i,t, ,.
w,h,e,r,e, ,y,o,u, ,a,t, ,n,i,g,g,a, ,?
d,o,n, ,',t, ,h,a,t,e, ,h,a,t,e, ,h,a,t,e, ,h,a,t,e, ,h,a,t,e, ,h,a,t,e, ,h,a,t,e, ,h,a,t,e, ,h,a,t,e, ,h,a,t,e, ,h,a,t,e, ,h,a,t,e, ,h,a,t,e, ,h,a,t,e, ,h,a,t,e, ,h,a,t,e, ,h,a,t,e, ,h,a,t,e, ,h,a,t,e, ,h,a,t,e, ,h,a,t,e, ,h,a,t,e, ,h,a,t,e, ,h,a,t,e, ,h,a,t,e, ,h,a,t,e, ,h,a,t,e, ,h,a,t,e, ,h,a,t,e, ,h,a,t,e
i, ,',m, ,i,n, ,t,h,e, ,h,o,o,d, ,o,f, ,t,h,e, ,h,o,o,d, ,., ,i, ,',m, ,i,n, ,t,h,e, ,h,o,o,d, ,o,f, ,t,h,e, ,h,o,o,d, ,.
i, ,d,o,n,t, ,t,h,i,n,k, ,h,e, ,',s, ,g,a,y, ,., ,b,u,t, ,h,e, ,',s, ,g,a,y, ,., ,h,e, ,',s, ,n,o,t, ,g,a,y, ,., ,h,e, ,',s, ,g,a,y, ,.
i,c,h, ,l,i,e,@,@, ,b,e, ,d,@,@, ,i,c,h, ,l,i,e,@,@, ,u, ,d,@,@, ,i,c,h, ,d,@,@, ,u, ,d,@,@, ,u, ,d,@,@, ,u, ,d,@,@, ,u, ,d,@,@, ,u, ,d,@,@, ,u, ,d,@,@, ,u, ,d,@,@, ,u, ,d,@,@, ,u, ,d,@,@, ,u, ,d,@,@, ,u, ,d,@,@, ,u, ,d,@,@, ,u, ,d,@,@, ,u, ,d,@,@, ,u, ,d,@,@, ,u, ,d,@,@, ,u, ,d,@,@, ,u, ,d,@,@, ,u, ,d,@,@, ,u, ,d,@,@, ,u, ,d,@,@, ,u, ,d,@,@, ,u, ,d,@,@, ,u, ,d,@,@, ,u, ,d,@,@, ,u, ,d,@,@, ,u, ,d,@,@, ,u, ,d,@,@, ,u, ,d,@,@, ,u, ,.
m,y, ,n,i,g,g,a
l,o,l, ,n,i,g,g,a, ,y,o,u, ,k,n,o,w, ,w,h,a,t, ,i,t, ,i,s
i,f, ,y,o,u, ,a,r,e, ,f,a,t, ,a,n,d, ,f,a,t, ,",", ,y,o,u, ,c,a,n, ,g,e,t, ,f,a,t, ,r,@,@, ,i,n,g,@,@, ,t,o,n,e, ,f,r,o,m, ,h,e,r,e, ,<,u,r,l,>
i, ,d,o,n, ,',t, ,u,n,d,e,r,s,t,a,n,d, ,w,h,y, ,y,o,u, ,h,a,t,e, ,h,e,r, ,., ,i, ,d,o,n, ,',t, ,h,a,t,e, ,h,a,t,e, ,h,a,t,e, ,h,a,t,e, ,h,a,t,e, ,h,a,t,e, ,h,a,t,e, ,h,a,t,e, ,h,a,t,e, ,h,a,t,e, ,h,a,t,e, ,h,a,t,e, ,h,a,t,e, ,h,a,t,e, ,h,a,t,e, ,h,a,t,e, ,h,a,t,e, ,h,a,t,e, ,h,a,t,e, ,h,a,t,e, ,h,a,t,e, ,h,a,t,e, ,h,a,t,e, ,h,a,t,e, ,h,a,t,e, ,h,a,t,e
y,o,u, ,l,o,o,k, ,l,i,k,e, ,a, ,n,i,g,g,a
m,e, ,t,o,o, ,",", ,i, ,h,a,t,e, ,h,a,t,e, ,h,a,t,e, ,h,a,t,e, ,h,a,t,e, ,h,a,t,e, ,h,a,t,e, ,h,a,t,e, ,h,a,t,e, ,h,a,t,e, ,h,a,t,e, ,h,a,t,e, ,h,a,t,e, ,h,a,t,e, ,h,a,t,e, ,h,a,t,e, ,h,a,t,e, ,h,a,t,e, ,h,a,t,e, ,h,a,t,e, ,h,a,t,e, ,h,a,t,e, ,h,a,t,e, ,h,a,t,e, ,h,a,t,e, ,h,a,t,e, ,h,a,t,e
y,e,a,h, ,",", ,i, ,w,a,s, ,b,o,r,n, ,i,n, ,t,h,e, ,u,k, ,., ,i, ,w,a,s, ,b,o,r,n, ,i,n, ,t,h,e, ,u,k, ,a,n,d, ,i, ,w,a,s, ,b,o,r,n, ,i,n, ,t,h,e, ,u,k, ,., ,i, ,w,a,s, ,b,o,r,n, ,i,n, ,t,h,e, ,u,k, ,.
i,@,@, ,y,@,@, ,a,a,a, ,., ,m,a,@,@, ,u, ,m,a,@,@, ,u, ,m,a,@,@, ,u, ,m,a,@,@, ,u, ,m,a,@,@, ,u, ,m,a,@,@, ,u, ,m,a,@,@, ,u, ,m,a,@,@, ,u, ,m,a,@,@, ,u, ,m,a,@,@, ,u, ,m,a,@,@, ,u, ,m,a,@,@, ,u, ,m,a,@,@, ,u, ,m,a,@,@, ,u, ,m,a,@,@, ,u, ,m,a,@,@, ,u, ,m,a,@,@, ,u, ,m,a,@,@, ,u, ,m,a,@,@, ,u, ,",", ,m,a,@,@, ,u, ,m,a,@,@, ,u, ,m,a,@,@, ,u, ,m,a,@,@, ,u, ,m,a,@,@, ,u, ,m,a,@,@, ,u, ,m,a,@,@, ,u, ,m,a,@,@, ,u, ,m,a,@,@, ,u, ,m,a,@,@, ,u, ,.
y,e,a,h, ,i, ,k,n,o,w, ,., ,i, ,h,a,t,e, ,i,t, ,w,h,e,n, ,p,e,o,p,l,e, ,d,o, ,t,h,a,t, ,t,o, ,m,e, ,., ,i, ,h,a,t,e, ,h,a,t,e, ,h,a,t,e, ,h,a,t,e, ,h,a,t,e, ,h,a,t,e, ,h,a,t,e, ,h,a,t,e, ,h,a,t,e, ,h,a,t,e, ,h,a,t,e, ,h,a,t,e, ,h,a,t,e
l,o,l, ,f,u,c,k, ,t,h,a,t, ,n,i,g,g,a
r,t, ,i, ,h,a,t,e, ,i,t, ,w,h,e,n, ,p,e,o,p,l,e, ,h,a,t,e, ,i,t, ,., ,t,h,e,y, ,d,o,n, ,',t, ,h,a,t,e, ,i,t, ,.
i, ,t,h,i,n,k, ,h,e, ,i,s, ,., ,b,u,t, ,h,e, ,i,s, ,a, ,s,m,a,r,t, ,a,s,s, ,n,i,g,g,a, ,.
w,h,y, ,d,o, ,y,o,u, ,h,a,t,e, ,h,a,t,e, ,h,a,t,e, ,h,a,t,e, ,h,a,t,e, ,h,a,t,e, ,h,a,t,e, ,?
n,i,g,g,a, ,i, ,g,o,t, ,u
t,h,a,t, ,n,i,g,g,a, ,l,o,o,k, ,l,i,k,e, ,a, ,n,i,g,g,a, ,.
<,n,u,m,b,e,r,>, ,., ,i, ,w,a,s, ,b,o,r,n, ,i,n, ,<,n,u,m,b,e,r,>, ,., ,i, ,w,a,s, ,b,o,r,n, ,i,n, ,<,n,u,m,b,e,r,>, ,.
t,h,a,n,k, ,y,o,u, ,!, ,i, ,w,a,s, ,b,o,r,n, ,i,n, ,<,n,u,m,b,e,r,>, ,",", ,i, ,w,a,s, ,b,o,r,n, ,i,n, ,<,n,u,m,b,e,r,>, ,., ,i, ,w,a,s, ,b,o,r,n, ,i,n, ,<,n,u,m,b,e,r,>, ,",", ,<,n,u,m,b,e,r,>, ,",", ,<,n,u,m,b,e,r,>, ,",", ,<,n,u,m,b,e,r,>, ,",", ,<,n,u,m,b,e,r,>, ,",", ,<,n,u,m,b,e,r,>, ,.
n,i,g,g,a, ,y,o,u, ,a,i,n, ,',t, ,c,a,l,l, ,m,e, ,.
r,t, ,u,g,l,y, ,u,g,l,y, ,u,g,l,y, ,u,g,l,y, ,u,g,l,y, ,u,g,l,y, ,u,g,l,y, ,",", ,u,g,l,y, ,",", ,u,g,l,y, ,",", ,u,g,l,y, ,",", ,u,g,l,y, ,",", ,u,g,l,y, ,.
r,t, ,r,t, ,n,i,g,g,a,s, ,d,o,n, ,',t, ,k,n,o,w, ,w,h,a,t, ,t,h,e,y, ,',r,e, ,t,a,l,k,i,n,g, ,a,b,o,u,t, ,., ,t,h,e,y, ,d,o,n, ,',t, ,k,n,o,w, ,w,h,a,t, ,t,h,e,y, ,w,a,n,t, ,.
i, ,d,o,n, ,',t, ,h,a,t,e, ,h,i,m, ,e,i,t,h,e,r, ,., ,h,e, ,',s, ,a, ,f,u,c,k,i,n,g, ,a,s,s,h,o,l,e, ,., ,i, ,h,a,t,e, ,h,i,m, ,., ,i, ,h,a,t,e, ,h,i,m, ,.
y,e,a,h, ,",", ,h,e, ,',s, ,g,a,y, ,., ,b,u,t, ,h,e, ,',s, ,n,o,t, ,g,a,y, ,., ,h,e, ,',s, ,g,a,y, ,",", ,h,e, ,',s, ,g,a,y, ,.
i, ,',m, ,i,n, ,t,h,e, ,h,o,o,d, ,n,i,g,g,a
n,i,g,g,a, ,y,o,u, ,k,n,o,w, ,w,h,a,t, ,i,t, ,i,s, ,.
t,h,e, ,h,o,o,d, ,i,s, ,t,h,e, ,h,o,o,d, ,.
y,e,a,h, ,",", ,i, ,h,a,v,e, ,a, ,s,o,r,e, ,t,h,r,o,a,t, ,",", ,s,o,r,e, ,t,h,r,o,a,t, ,",", ,s,o,r,e, ,t,h,r,o,a,t, ,",", ,s,o,r,e, ,t,h,r,o,a,t, ,",", ,s,o,r,e, ,t,h,r,o,a,t, ,",", ,s,o,r,e, ,t,h,r,o,a,t, ,",", ,s,o,r,e, ,t,h,r,o,a,t, ,",", ,s,o,r,e, ,t,h,r,o,a,t, ,",", ,s,o,r,e, ,t,h,r,o,a,t, ,",", ,s,o,r,e, ,t,h,r,o,a,t, ,s,o,r,e, ,x,x
i, ,',m, ,n,o,t, ,t,h,e, ,o,n,l,y, ,o,n,e, ,w,h,o, ,c,a,n, ,',t, ,b,e,l,i,e,v,e, ,t,h,a,t, ,n,i,g,g,a, ,., ,h,e, ,',s, ,t,h,e, ,o,n,l,y, ,o,n,e, ,.
h,e,y, ,n,a,n,@,@, ,n,y, ,",", ,h,o,w, ,a,r,e, ,y,o,u, ,t,o,d,a,y, ,?, ,i, ,',v,e, ,g,o,t, ,a, ,s,o,r,e, ,t,h,r,o,a,t, ,",", ,s,o,r,e, ,t,h,r,o,a,t, ,",", ,s,o,r,e, ,t,h,r,o,a,t, ,",", ,s,o,r,e, ,t,h,r,o,a,t, ,",", ,s,o,r,e, ,t,h,r,o,a,t, ,",", ,s,o,r,e, ,t,h,r,o,a,t, ,",", ,s,o,r,e, ,t,h,r,o,a,t, ,",", ,s,o,r,e, ,t,h,r,o,a,t, ,.
n,i,g,g,a, ,u, ,k,n,o, ,w,a,t, ,i,t, ,i,s
d,o,n, ,',t, ,h,a,t,e, ,h,a,t,e, ,h,a,t,e, ,h,a,t,e, ,h,a,t,e, ,h,a,t,e, ,h,a,t,e, ,h,a,t,e, ,h,a,t,e, ,h,a,t,e, ,h,a,t,e, ,h,a,t,e, ,h,a,t,e
i, ,',m, ,n,o,t, ,g,a,y, ,., ,i, ,',m, ,n,o,t, ,g,a,y, ,., ,i, ,',m, ,n,o,t, ,g,a,y, ,., ,i, ,',m, ,n,o,t, ,g,a,y, ,., ,i, ,',m, ,n,o,t, ,g,a,y, ,., ,i, ,',m, ,n,o,t, ,g,a,y, ,.
i,f, ,y,o,u, ,w,a,n,t, ,m,e, ,t,o, ,k,i,l,l, ,y,o,u, ,",", ,i, ,w,i,l,l, ,k,i,l,l, ,y,o,u, ,.
u, ,l,o,o,k, ,l,i,k,e, ,a, ,f,a,t, ,a,s,s, ,l,o,l
i, ,d,o,n, ,',t, ,h,a,t,e, ,h,e,r, ,., ,i, ,h,a,t,e, ,h,e,r, ,., ,i, ,h,a,t,e, ,h,e,r, ,., ,i, ,h,a,t,e, ,h,e,r, ,.
d,u,d,e, ,",", ,i, ,',m, ,n,o,t, ,g,a,y, ,., ,i, ,d,o,n, ,',t, ,e,v,e,n, ,k,n,o,w, ,w,h,y, ,t,h,e,y, ,',r,e, ,g,a,y, ,., ,i, ,d,o,n, ,',t, ,k,n,o,w, ,w,h,y, ,t,h,e,y, ,',r,e, ,g,a,y, ,., ,t,h,e,y, ,',r,e, ,g,a,y, ,.
n,i,g,g,a, ,i, ,g,o,t, ,y,o,u, ,b,r,o, ,.
t,h,a,t, ,n,i,g,g,a, ,i,s, ,t,h,e, ,b,e,s,t, ,.
i, ,h,a,v,e, ,a, ,s,o,r,e, ,t,h,r,o,a,t, ,s,o,r,e, ,t,h,r,o,a,t, ,., ,s,o,r,e, ,t,h,r,o,a,t, ,., ,s,o,r,e, ,t,h,r,o,a,t, ,., ,s,o,r,e, ,t,h,r,o,a,t, ,., ,s,o,r,e, ,t,h,r,o,a,t, ,., ,s,o,r,e, ,t,h,r,o,a,t, ,., ,s,o,r,e, ,t,h,r,o,a,t, ,., ,s,o,r,e, ,t,h,r,o,a,t, ,., ,s,o,r,e, ,t,h,r,o,a,t, ,., ,s,o,r,e, ,t,h,r,o,a,t, ,., ,s,o,r,e, ,t,h,r,o,a,t, ,., ,s,o,r,e, ,., ,s,o,r,e, ,.
i, ,h,a,t,e, ,i,t, ,w,h,e,n, ,i, ,h,a,t,e, ,h,e,r, ,., ,i, ,h,a,t,e, ,h,e,r, ,., ,i, ,h,a,t,e, ,h,e,r, ,., ,i, ,h,a,t,e, ,h,e,r, ,.
l,m,a,o, ,f,u,c,k, ,y,o,u, ,n,i,g,g,a
y,e,a,h, ,",", ,i, ,h,a,t,e, ,h,e,r, ,., ,i, ,h,a,t,e, ,h,e,r, ,., ,i, ,h,a,t,e, ,h,e,r, ,., ,i, ,h,a,t,e, ,h,e,r, ,., ,i, ,h,a,t,e, ,h,e,r, ,.
